distance-to-activities-coefficient;distance-to-centre-coefficient;density-coefficient;distance-to-roads-coefficient;eval-density;spatial-autocorrelation-index;eval-speed;eval-density;eval-activities
1;1;1;1;0.19892037873741483;0.09998709470974913;0.6600822311582324;0.1989203787374148;4.649856099375712
1;1;1;1;0.20785007478588285;0.42864336573033823;0.598731529235385;0.20785007478588285;5.47628280871182
1;1;1;1;0.16903716834561497;0.13885207251674933;0.5996353335057786;0.169037168345615;4.727847411677615
1;1;1;1;0.21227470724536573;0.07647968597879115;0.6860352145319555;0.21227470724536573;4.87792983375203
1;1;1;1;0.18615934765202155;0.3140732112597643;0.6475401559387624;0.18615934765202158;5.324991189140278
1;1;1;1;0.15542358945726503;0.11541262721746566;0.5539867496825698;0.15542358945726503;5.454859542581311
1;1;1;1;0.2056248858015821;0.10658239028661978;0.6321666415227434;0.20562488580158206;5.492087779069678
1;1;1;1;0.1916256964203849;0.08760811003341852;0.6803107133429314;0.19162569642038493;5.157813586893669
1;1;1;1;0.16399091817407369;0.059414382682368046;0.6737332897451416;0.16399091817407369;5.105374896601214
1;1;1;1;0.15734206022787242;0.11115111130692004;0.5642699489089378;0.15734206022787242;3.773146089334279
1;1;1;1;0.18287871794914737;0.09659319870486519;0.6074972493213724;0.1828787179491474;4.492499420282596
1;1;1;1;0.1542995966134819;0.3396508965648219;0.6042430605995717;0.15429959661348192;5.057334650232088
1;1;1;1;0.19135533793867948;0.8575227929231685;0.5858643792033726;0.19135533793867948;5.353921773965698
1;1;1;1;0.18063801399809315;0.0763231638917603;0.5980127316064296;0.1806380139980932;4.104783313188224
1;1;1;1;0.18516768361641192;0.2998682369773345;0.6034780025974064;0.1851676836164119;4.043544499449058
1;1;1;1;0.1479979022380587;0.12481904894968916;0.593901837195305;0.14799790223805867;4.177954716924143
1;1;1;1;0.1847466872110475;0.057414066509999535;0.6195784037592132;0.18474668721104748;4.077213693808188
1;1;1;1;0.22538686244279302;0.6683609460060645;0.7450832620133337;0.225386862442793;5.553446432705538
1;1;1;1;0.22633312456054383;0.5804550736657881;0.7096053337546782;0.2263331245605438;5.456850047971425
1;1;1;1;0.20797308652615515;0.7903033122779125;0.5842264744752359;0.20797308652615515;5.2667317274317
1;1;1;1;0.21805514408120752;0.10795991699402853;0.6332671458680976;0.21805514408120763;5.014649105995826
1;1;1;1;0.20871966357944674;0.06776787628301538;0.596950499075171;0.2087196635794467;4.875852913031805
1;1;1;1;0.2134311342842693;0.5358470488451432;0.6387470575617178;0.21343113428426924;5.484504959855909
1;1;1;1;0.1933018604014453;0.06912096306831753;0.6430789460372721;0.19330186040144529;4.7956185055090375
1;1;1;1;0.2087324898235297;0.04752368055918913;0.7215494945634839;0.20873248982352968;4.651064210928182
1;1;1;1;0.1608051449783389;0.23133680073683752;0.6441386278740291;0.16080514497833884;4.816929736775741
1;1;1;1;0.20568806300089904;0.09653513901941614;0.5788730362261526;0.2056880630008991;4.827727637701956
1;1;1;1;0.1916325160901763;0.11623066091575274;0.6836747560640447;0.19163251609017629;4.875697969047536
1;1;1;1;0.17953912311740056;0.0775350450755052;0.6317670072663009;0.17953912311740064;4.841251149062645
1;1;1;1;0.1984656173848532;0.08620350774330528;0.6878151918816386;0.1984656173848532;6.570831535384419
1;1;1;1;0.1794322083406223;0.1444422647775512;0.7257744078885088;0.1794322083406223;5.087292946915614
1;1;1;1;0.15792089146525184;0.052005933391122854;0.6136343700979324;0.15792089146525187;4.504850157636747
1;1;1;1;0.14579814433265278;0.0921405440742412;0.5922291927142714;0.1457981443326528;4.606981443327305
1;1;1;1;0.18445869301893858;0.14835966160171368;0.5440966970887173;0.18445869301893858;4.5897566134782855
1;1;1;1;0.2215343618553753;0.6860649979437724;0.7000133441777031;0.22153436185537537;5.062179549702323
1;1;1;1;0.18584460137973474;0.062370645175596054;0.5963045004031329;0.1858446013797348;4.530719571825067
1;1;1;1;0.14193153569489203;0.19198582939540518;0.6595814390067681;0.14193153569489209;5.196529743401745
1;1;1;1;0.17590605967151504;0.12769437940647488;0.5539328411086434;0.175906059671515;3.6960834268514757
1;1;1;1;0.18934257398208645;0.06543977122748078;0.7377976119929464;0.18934257398208637;5.070660315553666
1;1;1;1;0.16393693902835488;0.4577065284650976;0.5996722837992153;0.16393693902835488;5.439228201893211
1;1;1;1;0.2205628510778586;0.4134647884200319;0.6110497418906824;0.2205628510778586;5.461202105957336
1;1;1;1;0.17370922703559855;0.09840087125059821;0.6046035473087179;0.17370922703559855;4.5895342460071005
1;1;1;1;0.2110620451665331;0.06923249287180769;0.6940442016041569;0.21106204516653312;5.095012790884078
1;1;1;1;0.18945962152205245;0.47466558628212246;0.6480257781105201;0.18945962152205242;5.09959004338309
1;1;1;1;0.21236239061423898;0.4710814140972324;0.6683628993259634;0.21236239061423895;5.471024676418043
1;1;1;1;0.18986101511172568;0.7284445938461142;0.723622963153351;0.18986101511172573;5.10004760039428
1;1;1;1;0.18535666899266878;0.043845694555304876;0.6710381156516164;0.18535666899266873;4.678147135463813
1;1;1;1;0.21660957769115352;0.2758559492213161;0.5992855559045048;0.21660957769115363;3.978962801188697
1;1;1;1;0.17729287811829772;0.7017777238989581;0.6228551442851157;0.17729287811829772;4.847248514347207
1;1;1;1;0.18341711961433066;0.7689669337832865;0.6504906972166153;0.18341711961433066;5.46460258963095
1;1;1;1;0.1895749022876469;0.3356496065514044;0.6428743673644831;0.1895749022876469;5.1331155092209695
1;1;1;1;0.1753975488237034;0.14424995749249855;0.4840230561787245;0.17539754882370343;4.264375110727337
1;1;1;1;0.1846656951989751;0.3065452766021047;0.5954385133249949;0.18466569519897508;5.562743371285541
1;1;1;1;0.18835227659524337;0.3412215387681176;0.6661129138556041;0.18835227659524337;4.598973521338071
1;1;1;1;0.1851320207418586;0.15947380547487128;0.6315569125551054;0.18513202074185864;5.060286869209578
1;1;1;1;0.18689665247168996;0.6413797152464489;0.6644929438718148;0.18689665247168996;5.738697283239227
1;1;1;1;0.20351217090480084;0.06356110794981504;0.6330054002006433;0.20351217090480078;4.525337723921894
1;1;1;1;0.18922726476775403;0.5486820778635336;0.5922987837934482;0.1892272647677541;5.216414360190967
1;1;1;1;0.16761565351212462;0.11904771557986674;0.6581845641101888;0.16761565351212465;5.24191670747357
1;1;1;1;0.18802382201773762;0.9377006447912645;0.5105203196972897;0.18802382201773768;4.059734867653251
1;1;1;1;0.2427299072387699;0.07235263871718306;0.6919803554597004;0.24272990723876986;4.876111291952088
1;1;1;1;0.21210327278030083;0.12130565809075639;0.6793135684908572;0.21210327278030083;3.821816629161149
1;1;1;1;0.2204084356177833;0.10954723903655333;0.68039574728916;0.22040843561778328;5.075738146117901
1;1;1;1;0.15760136721496665;0.16405859319062732;0.5918582334761755;0.15760136721496668;4.4011216010750855
1;1;1;1;0.19707093671112677;0.18272619244702915;0.6240101454579244;0.19707093671112674;5.269674529535596
1;1;1;1;0.16680374367596304;0.06870267374618433;0.6442235820403006;0.16680374367596307;4.469169712628052
1;1;1;1;0.18772032286543716;0.7052431863666807;0.6426385955529537;0.18772032286543713;5.608899958587257
1;1;1;1;0.1724284029312394;0.8932381756417028;0.5864142435466705;0.17242840293123937;4.752909507673852
1;1;1;1;0.19819649772422154;0.15274287585821944;0.6717967725631184;0.19819649772422157;4.411426626609311
1;1;1;1;0.1921957689106689;0.10210118330486256;0.6536949893051779;0.19219576891066892;5.043972486712069
1;1;1;1;0.2053178896531922;0.11804361879544029;0.5924757464554287;0.2053178896531921;4.415471359687111
1;1;1;1;0.1980268307700817;0.08872366858922084;0.7131040901502169;0.19802683077008176;5.142821613792155
1;1;1;1;0.20410374468814899;0.6439650561416993;0.6464694960284141;0.20410374468814899;4.309393665658416
1;1;1;1;0.16521364783102468;0.07161515358740592;0.6815295781519184;0.16521364783102466;4.674724531954864
1;1;1;1;0.21172443842048866;0.11268458740008544;0.6510427807212522;0.2117244384204887;5.1096536999829105
1;1;1;1;0.18229064838793868;0.9232329813875345;0.6295017442741765;0.18229064838793874;5.341038359098237
1;1;1;1;0.1990582152923343;0.49472420309402204;0.6432112756063688;0.19905821529233433;5.7886046719201065
1;1;1;1;0.23487319408666937;0.3042849013975441;0.6856407659429835;0.23487319408666935;4.84669467608505
1;1;1;1;0.21621227447056504;0.1548438625727246;0.676562741795528;0.21621227447056507;4.876435668131792
1;1;1;1;0.18974105026819366;0.14724085272261248;0.6601875865792103;0.18974105026819355;5.506661398718399
1;1;1;1;0.14596147501719958;0.2019369217934532;0.566807751430218;0.14596147501719958;4.740855488019501
1;1;1;1;0.1659165503694502;0.8843292124338072;0.588093220872911;0.16591655036945016;4.90119506477954
1;1;1;1;0.1733365305086005;0.820091190161112;0.5926657881253619;0.1733365305086005;4.694707675827752
1;1;1;1;0.18040364899093406;0.049546440871459235;0.6588376614656584;0.1804036489909341;4.269742676444633
1;1;1;1;0.27988902690601714;0.43718338671013807;0.7002622100584275;0.27988902690601714;4.8341907200894125
1;1;1;1;0.21749219547381554;0.9240624901887273;0.688888622070033;0.2174921954738156;4.34410131573409
1;1;1;1;0.19626432060342314;0.4156307177826354;0.6726930206549935;0.19626432060342314;4.640942602998418
1;1;1;1;0.230451815454123;0.08229029059198849;0.6709224102006509;0.23045181545412288;5.464554013382019
1;1;1;1;0.209664635250409;0.14817929193815468;0.6829529357070635;0.20966463525040901;6.111081477746636
1;1;1;1;0.1810624988934701;0.7918205389932822;0.6277517089500851;0.1810624988934701;5.7101587681579105
1;1;1;1;0.18089018185549313;0.08968938627244351;0.6748909774174421;0.18089018185549316;5.023859258767343
1;1;1;1;0.18209710804249074;0.9236671817247135;0.6120529937501084;0.18209710804249074;4.226897240898816
1;1;1;1;0.20061465050889937;0.057341098487708006;0.6821319545411844;0.20061465050889926;5.101500406794585
1;1;1;1;0.20379562795778078;0.1594620443502715;0.6634908144850319;0.20379562795778083;5.243497904509012
1;1;1;1;0.18414100839168537;0.04207434744414368;0.6347625240454476;0.18414100839168532;4.53700100475476
1;1;1;1;0.18894446528452874;0.06138522398086561;0.6848812041444555;0.18894446528452877;5.2473573271486575
1;1;1;1;0.20502619962337065;0.21954861147584498;0.6695977097248235;0.20502619962337065;5.141612398107002
1;1;1;1;0.2228051594432149;0.36975933396800054;0.6677440739788204;0.22280515944321497;5.175509226264227
1;1;1;1;0.21695374342168483;0.3559523329761656;0.6711956905567316;0.21695374342168486;6.005705317877304
1;1;1;1;0.17218160123556772;0.6413153395970475;0.6023487255373686;0.17218160123556778;4.943389212913467
1;1;1;1;0.16701384220556248;0.06642800844900175;0.6292770885967337;0.16701384220556245;5.276096034246973
1;1;1;1;0.21269394330447128;0.036404983708041516;0.713409060426762;0.21269394330447133;4.669925658072019
1;1;1;1;0.20897507027842965;0.18196083699717316;0.6941360618872681;0.20897507027842965;5.285559798917443
1;1;1;1;0.21210605392549028;0.09771515456520431;0.6374765186205902;0.2121060539254903;5.0199352646229265
1;1;1;1;0.23878814428535505;0.490391226056824;0.6276812970911011;0.23878814428535508;5.104975424405995
1;1;1;1;0.24280080781437124;0.11822753411370288;0.7039696432198417;0.24280080781437133;5.079942296588987
1;1;1;1;0.19755137308926912;0.25774101543986694;0.6815170576693155;0.19755137308926912;4.851421731924011
1;1;1;1;0.1511817317040933;0.07479538473154218;0.6756581337562708;0.1511817317040933;4.951712915608745
1;1;1;1;0.22143174895462858;0.06943291454367896;0.6734840460017518;0.22143174895462853;5.010284806987968
1;1;1;1;0.16744438319330154;0.10185621546818302;0.6716842549446295;0.16744438319330154;4.693818126848439
1;1;1;1;0.19172649694303162;0.05178122617122812;0.7052806513873563;0.19172649694303162;4.743028008337695
1;1;1;1;0.15314575659388968;0.3652943295455708;0.6310811795455619;0.15314575659388965;4.239587037443062
1;1;1;1;0.17067629751875685;0.12569946529799486;0.5763101600881508;0.17067629751875685;4.371694299457207
1;1;1;1;0.18008735596834768;0.6872208507997795;0.6637992757605615;0.18008735596834766;4.2855156361630025
1;1;1;1;0.18139085573615546;0.24105437454418743;0.6024762690512389;0.18139085573615554;4.13872364039794
1;1;1;1;0.21405658355414206;0.08884822874022079;0.664718577985491;0.2140565835541421;4.997911782112313
1;1;1;1;0.17808829440450052;0.04970526186848728;0.6575041281669605;0.17808829440450058;4.332654120397942
1;1;1;1;0.1863370525618916;0.1051163848305878;0.6266779517830863;0.18633705256189156;4.546824452672919
1;1;1;1;0.20468521588200966;0.14971318697256658;0.5814282908788396;0.20468521588200966;6.64124071378542
1;1;1;1;0.1456689627932991;0.09246017538488831;0.6577222661546233;0.14566896279329913;4.8325294848895775
1;1;1;1;0.15486427815259926;0.06134005768660062;0.7330790756206569;0.1548642781525992;5.058498823118787
1;1;1;1;0.19479747589467786;0.1274489955597462;0.5754882220176767;0.19479747589467789;4.253921002299964
1;1;1;1;0.16319203155720835;0.8622048224480063;0.7032445115217623;0.16319203155720835;4.764159812160603
1;1;1;1;0.19652772526459616;0.07055463512529707;0.6544402607623172;0.19652772526459616;4.310130726568657
1;1;1;1;0.1827515965651224;0.09385887419520178;0.6049206131176923;0.18275159656512246;5.284435370925918
1;1;1;1;0.1930361616835787;0.6961943271118336;0.6665473073210147;0.19303616168357862;4.8889247593217116
1;1;1;1;0.22217217639761672;0.4620356345036525;0.6506894323122576;0.22217217639761666;4.386724287603056
1;1;1;1;0.18665372129691193;0.07317052648092445;0.6311297825477593;0.18665372129691196;4.216894240833735
1;1;1;1;0.17031698145574636;0.07050368077477388;0.6625719934445798;0.1703169814557464;4.431475521393582
1;1;1;1;0.2187789430449061;0.04126881427363023;0.7069894214733975;0.21877894304490614;5.113444950864745
1;1;1;1;0.19708896066048032;0.7484224781121096;0.6714467911167792;0.19708896066048034;4.366628987217666
1;1;1;1;0.16726474984521555;0.11944906412553699;0.5881616052015674;0.16726474984521555;4.565807518160747
1;1;1;1;0.23148821665867186;0.8533417875528526;0.756527881734522;0.2314882166586719;5.2434810589592535
1;1;1;1;0.2120991001247265;0.7678328484285314;0.6584338953449244;0.21209910012472655;4.768198935262052
1;1;1;1;0.1818617591144926;0.06267155446156449;0.6046254097057687;0.1818617591144926;4.1677551128750245
1;1;1;1;0.16635268382118712;0.15201761331864663;0.4981494732142922;0.16635268382118706;4.003191088180056
1;1;1;1;0.15469571619785027;0.5411486627111807;0.6412992769726528;0.1546957161978503;4.504577677435921
1;1;1;1;0.17263510479075767;0.09193362658258296;0.6231834800723217;0.17263510479075764;4.893255167186911
1;1;1;1;0.1715667133852632;0.4482557956514169;0.6278777529362993;0.17156671338526314;4.957585204948924
1;1;1;1;0.1780733110128943;0.30957023642134807;0.6686011642637109;0.1780733110128943;4.677050553563261
1;1;1;1;0.19403493975434172;0.14142063096376112;0.6293909420261408;0.19403493975434175;4.950485593611734
1;1;1;1;0.2053383001776381;0.0850001159088812;0.6194852464605208;0.20533830017763807;5.767900818342896
1;1;1;1;0.188751552900573;0.14942123299561846;0.661392632471537;0.18875155290057305;4.936550145538739
1;1;1;1;0.1423949376739933;0.10976394450215826;0.5177049219878236;0.14239493767399328;3.8011313039151697
1;1;1;1;0.20447272336244612;0.12776470135012627;0.653597770870348;0.20447272336244607;5.652327935270122
1;1;1;1;0.21003887150163816;0.2352909717597549;0.6305309407535767;0.2100388715016381;4.906320384169453
1;1;1;1;0.21858899228300988;0.5991172103412439;0.6734742491265723;0.2185889922830099;5.055641240896746
1;1;1;1;0.22914532638134047;0.35485740162892365;0.7112650041085926;0.22914532638134053;5.160797908853269
1;1;1;1;0.220356865892535;0.7193970120691853;0.6948083374490034;0.22035686589253495;4.52597542080098
1;1;1;1;0.16276706561647514;0.9512548868445501;0.6364584113102936;0.16276706561647517;4.730435338165835
1;1;1;1;0.20064242682825967;0.05016408993264955;0.710351807219336;0.20064242682825967;4.927523214111712
1;1;1;1;0.19176683070883374;0.05926386109549482;0.6744022452317843;0.19176683070883374;4.7559884158497825
1;1;1;1;0.20683812880127256;0.5962295573683937;0.7353094681735532;0.20683812880127256;4.900646371258893
1;1;1;1;0.19592751023451738;0.5147531903753548;0.6030261723920645;0.19592751023451732;5.367181032278196
1;1;1;1;0.19793528787345765;0.24792683436731464;0.5815761490237786;0.19793528787345768;4.994121529946855
1;1;1;1;0.18397850828673334;0.09988242299156022;0.6608352056586619;0.18397850828673334;4.82152384076976
1;1;1;1;0.1683469082077118;0.12419727556120982;0.5885582726646905;0.1683469082077118;4.254024299632038
1;1;1;1;0.199724495659307;0.5348404451290542;0.644832175982887;0.199724495659307;4.601534857696778
1;1;1;1;0.21792258247760213;0.09326656751898726;0.7008627256571136;0.2179225824776021;4.963520157956377
1;1;1;1;0.19491808163610033;0.11195808033354727;0.6662118461542822;0.19491808163610036;4.983267850226948
1;1;1;1;0.2811598661106416;0.09436734011600222;0.6137063624289649;0.28115986611064153;4.836184202004768
1;1;1;1;0.15776296947117927;0.06696482597644207;0.6858217254296568;0.15776296947117927;4.5920301700504
1;1;1;1;0.18024477194760613;0.1301618587461504;0.555076851315738;0.18024477194760613;5.986279927557995
1;1;1;1;0.1993299441363714;0.7013769542011118;0.6380299328588107;0.1993299441363714;6.869483166347916
1;1;1;1;0.18151917502383041;0.709691175224949;0.6426359921464653;0.18151917502383041;4.5609479542785225
1;1;1;1;0.21187452526547407;0.062009253380821305;0.6601277207353913;0.21187452526547404;4.573702458627674
1;1;1;1;0.1831148051529694;0.10128310839467564;0.5248634949291737;0.1831148051529694;4.517858022234547
1;1;1;1;0.19383116399197725;0.07634822068888733;0.5170696461841657;0.19383116399197728;4.196907603663095
1;1;1;1;0.20034303376561113;0.6657892805259541;0.707743642404516;0.20034303376561113;5.102001840276589
1;1;1;1;0.14296360501857205;0.902748182141449;0.6455663193871767;0.14296360501857205;5.341274458773422
1;1;1;1;0.18245343495251604;0.11922588210832075;0.6255978696947264;0.18245343495251606;5.0988606322988606
1;1;1;1;0.1945147012627101;0.27912753364685083;0.6931149023321346;0.19451470126271006;4.689599383983898
1;1;1;1;0.17444447177912215;0.07633690916076284;0.5961337451258883;0.17444447177912217;4.162570408990013
1;1;1;1;0.16708383727639753;0.6244836814178594;0.6220229725079297;0.16708383727639758;5.015237984062996
1;1;1;1;0.16729592083896958;0.6957786353751069;0.6323261550945466;0.16729592083896958;4.39033019887181
1;1;1;1;0.22344178212379498;0.08867488864260202;0.6991820681841808;0.22344178212379495;4.803842045923378
1;1;1;1;0.2543235809952955;0.09006552419983894;0.7176433048036288;0.25432358099529556;6.22719601309003
1;1;1;1;0.19461370352268234;0.0952908497003101;0.5213721433550477;0.19461370352268237;4.656899214451049
1;1;1;1;0.19053780949204627;0.08109524777851712;0.6739751672244512;0.19053780949204627;4.565117108236944
1;1;1;1;0.19041454110573094;0.0707891603766777;0.6820314076798212;0.19041454110573094;5.117920591175029
1;1;1;1;0.20291843036396823;0.5583267490410299;0.7266662699572921;0.20291843036396823;5.779705760686996
1;1;1;1;0.19189465933370065;0.9924715956711686;0.6762314395145164;0.19189465933370065;5.188125913246028
1;1;1;1;0.2063038104219995;0.152465180102458;0.6642910899499711;0.20630381042199944;4.550140220899046
1;1;1;1;0.21437242809187795;0.05118056062866947;0.7024840887586646;0.2143724280918779;4.426235553733932
1;1;1;1;0.20018922438474657;0.6296067659815752;0.6498255771095915;0.20018922438474654;5.304432882870174
1;1;1;1;0.20395956292968154;0.09886795323450318;0.7278394150485363;0.2039595629296815;5.192967117662041
1;1;1;1;0.21058585405656308;0.47877340229043164;0.6713469121182181;0.21058585405656313;5.361488974284447
1;1;1;1;0.22299017999744905;0.5548770722026067;0.6892645813193804;0.22299017999744902;5.436622829467933
1;1;1;1;0.1589116035405031;0.15106227194182476;0.5721955297701666;0.1589116035405031;4.787204546921717
1;1;1;1;0.1835034880137315;0.16053826656429357;0.6008175043171303;0.1835034880137315;4.813194135012696
1;1;1;1;0.18693887536320294;0.1062380539915373;0.647013638582304;0.18693887536320297;5.415840971332327
1;1;1;1;0.19209865469704002;0.08682692461045502;0.6478929353010778;0.19209865469704002;4.955264412840029
1;1;1;1;0.1905974650663278;0.08296454531080746;0.7349846206635795;0.19059746506632774;5.852961259890973
1;1;1;1;0.18411248878662836;0.6609556699761541;0.710126057674232;0.18411248878662836;5.071733551965837
1;1;1;1;0.20278815850440202;0.06858809243478675;0.7202425300438937;0.202788158504402;4.507283253324046
1;1;1;1;0.19465913912229893;0.0790349651432462;0.6597065417765176;0.19465913912229893;4.496957860529212
1;1;1;1;0.19370920085155052;0.8101164262446335;0.6870407225863863;0.1937092008515505;5.538332530915393
1;1;1;1;0.16744204199660515;0.11680659224710867;0.6398982998103667;0.16744204199660517;4.441231296158836
1;1;1;1;0.1830714698945773;0.08065737087202755;0.6094844052572073;0.18307146989457734;4.367360010961704
1;1;1;1;0.17640842573090976;0.06916423144501645;0.6532266234642832;0.17640842573090976;3.914166478010645
1;1;1;1;0.15257285226641565;0.07414612205551246;0.6782939867408389;0.1525728522664157;5.008332704876986
1;1;1;1;0.19125058134799877;0.08472589577001047;0.7025923213501886;0.19125058134799883;5.589572805455131
1;1;1;1;0.20177381425243662;0.8175986013341991;0.6354621859958322;0.20177381425243665;5.112558264369655
1;1;1;1;0.22057737382647913;0.1443224472483413;0.657579752853096;0.2205773738264791;5.400245587011232
1;1;1;1;0.16562335333508982;0.47962551019545746;0.6566055254689948;0.16562335333508982;4.565266269280927
1;1;1;1;0.16677776178109688;0.6402076258770948;0.6195526736272028;0.1667777617810969;5.157518772746473
1;1;1;1;0.18806684443188398;0.13242810973567043;0.6256459920660993;0.18806684443188398;4.708280277790516
1;1;1;1;0.16578269693834796;0.9583078322826851;0.6543623024832489;0.16578269693834793;4.893491921214041
1;1;1;1;0.16253444844814416;0.08191809966081275;0.6610671559231013;0.16253444844814416;4.851376728710701
1;1;1;1;0.18605478160250394;0.44415252942140154;0.6368065951814983;0.18605478160250397;5.357391741342129
1;1;1;1;0.17520453722610044;0.6643498859853985;0.6527812743144177;0.1752045372261004;5.0393258452299845
1;1;1;1;0.2191795396353703;0.3273939552759189;0.6122594948724159;0.2191795396353703;5.181788378436302
1;1;1;1;0.2179983867770497;0.13750221976115498;0.7127703784027791;0.21799838677704964;4.726200393866707
1;1;1;1;0.18944658013858018;0.2785278852618908;0.5951534991075009;0.18944658013858012;5.210944075863999
1;1;1;1;0.27212359456501706;0.13444177416625067;0.6679478834369494;0.2721235945650171;4.9613646969138046
1;1;1;1;0.198745175758372;0.06202290506944936;0.7019785521810179;0.198745175758372;4.734058213187296
1;1;1;1;0.2038071574247856;0.11750089906992246;0.6922069976083811;0.2038071574247856;5.355439042774854
1;1;1;1;0.19942237258957776;0.11960412670557027;0.5919557083714796;0.19942237258957782;4.953790402112912
1;1;1;1;0.17615116078610754;0.16111418334978034;0.6152545313092307;0.1761511607861075;5.1259418482950885
1;1;1;1;0.1962814925606171;0.4366289961577899;0.7065750020172645;0.19628149256061708;4.72406011632782
1;1;1;1;0.1865892501694008;0.09883786724584155;0.6640555688463736;0.1865892501694008;5.264981689276395
1;1;1;1;0.20310022144112155;0.8005668532239887;0.6577410860508692;0.20310022144112153;4.60902178956169
1;1;1;1;0.20047352857953998;0.5662218079993228;0.5817102631392839;0.20047352857954004;4.548064972923909
1;1;1;1;0.2241176893163696;0.6604847822691763;0.7189285869798276;0.2241176893163696;5.195707453514668
1;1;1;1;0.19945997144143185;0.07531333518454922;0.6240713846674616;0.19945997144143196;5.417808680155585
1;1;1;1;0.17743234392522356;0.8150511282774578;0.6457783680652841;0.17743234392522364;4.8094498425237076
1;1;1;1;0.1855502959198023;0.11550666991184196;0.5632119669074669;0.1855502959198023;4.375617001468907
1;1;1;1;0.2102389861882618;0.104982029079099;0.6625356821759563;0.2102389861882618;4.7719293081650225
1;1;1;1;0.1972530494550585;0.095014101137386;0.6477827556615652;0.1972530494550585;5.593982164467684
1;1;1;1;0.1540556347575974;0.0663392388277593;0.5642261085350976;0.15405563475759743;4.001383811530703
1;1;1;1;0.1851002520413686;0.8774975697790681;0.6637989588789394;0.18510025204136857;4.7713107220831885
1;1;1;1;0.1490067935784948;0.9624375831711564;0.5867815521487475;0.1490067935784948;5.001020475132971
1;1;1;1;0.14425242388059178;0.08640715432356147;0.6121176002102504;0.14425242388059178;4.167076160943138
1;1;1;1;0.18011385435207922;0.40663487105924345;0.6287038626562608;0.18011385435207916;5.238205203442301
1;1;1;1;0.18801546342501826;0.10814705623196062;0.7091023202010658;0.18801546342501824;5.444471620231276
1;1;1;1;0.21268810081403933;0.039431686494800514;0.6676209438142753;0.2126881008140393;4.539151915742901
1;1;1;1;0.19409850969609804;0.049946145716743856;0.6871110466727262;0.19409850969609801;4.63067775789228
1;1;1;1;0.18928670421987603;0.0660686885167435;0.6827311345791776;0.18928670421987603;4.75145796851664
1;1;1;1;0.16827706830324637;0.05906852590833362;0.6455132409639458;0.16827706830324635;4.552736225856892
1;1;1;1;0.15791982797530757;0.04389784207344653;0.6363368677340091;0.15791982797530751;4.50311798542803
1;1;1;1;0.18202736553468685;0.08630701102330172;0.6226600580694592;0.1820273655346868;5.296371036530579
1;1;1;1;0.1609854983140134;0.7495286747783848;0.6529703710126997;0.16098549831401343;5.263280910771011
1;1;1;1;0.17541054923139532;0.13023079657589287;0.6314068315456536;0.17541054923139532;4.452281252096737
1;1;1;1;0.19856399328251875;0.1755548088480805;0.6897596693929546;0.19856399328251872;5.0976810382621505
1;1;1;1;0.16301627583000525;0.44007159191384293;0.6303832744893361;0.1630162758300052;4.609457593563973
1;1;1;1;0.21469099272341022;0.08169514193291438;0.6001729904544096;0.2146909927234103;5.455547250358155
1;1;1;1;0.22721724374033223;0.1297674702270529;0.6286240132584157;0.22721724374033225;5.4055086013300215
1;1;1;1;0.18280444108499203;0.4713080623468192;0.6120946133925144;0.18280444108499197;4.554255716310064
1;1;1;1;0.20437048262692972;0.16228949472744197;0.5520068621158363;0.2043704826269297;4.831504400926497
1;1;1;1;0.19898756306990165;0.9125926299425287;0.7131145607444321;0.1989875630699017;4.78208774562243
1;1;1;1;0.1961546090685512;0.6642622381758209;0.6314059075636582;0.1961546090685512;5.399377681216164
1;1;1;1;0.2135563750752545;0.8144197476659238;0.7225881235726364;0.21355637507525446;5.152096135455978
1;1;1;1;0.17441764881142674;0.4932658064388376;0.6846323912599944;0.17441764881142674;4.862800558437279
1;1;1;1;0.17942875433006802;0.9091484869196869;0.6213359201404886;0.17942875433006794;5.155660027456498
1;1;1;1;0.16449874506573464;0.5872363710760947;0.6355399513322627;0.16449874506573464;4.550510888097919
1;1;1;1;0.1725786370965469;0.03553339026202541;0.6920240629548615;0.17257863709654686;4.877189416589742
1;1;1;1;0.18292889639770493;0.0566810218723705;0.6663264868620338;0.182928896397705;4.658448373311197
1;1;1;1;0.15962976243853247;0.2510056094381001;0.6599509545144562;0.15962976243853247;5.269868910831644
1;1;1;1;0.18865144505985398;0.9895379679429749;0.584878065387064;0.18865144505985393;5.380365336597218
1;1;1;1;0.16847919456497165;0.08676714578120898;0.6179349751174029;0.16847919456497162;4.893585709509406
1;1;1;1;0.19050813061899402;0.07482541159602268;0.618382451614181;0.19050813061899402;4.7211192819669145
1;1;1;1;0.17805502156243463;0.08999336267990676;0.6201614049342093;0.17805502156243463;4.9395353577844014
1;1;1;1;0.19254729455019626;0.13775953816445505;0.5956007658546021;0.19254729455019629;4.852810064796883
1;1;1;1;0.1705635908518044;0.09221942624180325;0.6311851398495657;0.17056359085180445;5.784075606315463
1;1;1;1;0.20796262597303988;0.8383696292120099;0.7372735721208223;0.20796262597303988;5.048114371513121
1;1;1;1;0.25006831067094193;0.8052087019239309;0.7192075948271652;0.250068310670942;5.263062640298352
1;1;1;1;0.15128877176119343;0.030745573867417456;0.6863273319876109;0.15128877176119343;4.777188090645611
1;1;1;1;0.16739954350562808;0.7522841661935136;0.6404398073156883;0.1673995435056281;5.529299945044646
1;1;1;1;0.2165100289453918;0.324221526549183;0.681599999443831;0.21651002894539184;5.193592397075946
1;1;1;1;0.19524021287387053;0.6094210356915548;0.6593554285481744;0.19524021287387058;5.216494689924403
1;1;1;1;0.17496448687234206;0.08592114730494053;0.6574603299808329;0.17496448687234206;4.8026753596165985
1;1;1;1;0.1902707234741715;0.1367222924626821;0.7080089932382542;0.1902707234741715;4.846450483702035
1;1;1;1;0.20325214891988191;0.5961890270183016;0.6731378642703371;0.20325214891988186;4.822923895282777
1;1;1;1;0.20141849212091256;0.0859277016825162;0.6288838750762528;0.2014184921209125;4.949603220994362
1;1;1;1;0.20305877927431693;0.3918272627683072;0.6999242140381563;0.20305877927431698;5.325733463761985
1;1;1;1;0.17871551618353199;0.35313072920791466;0.6180741473091881;0.17871551618353199;4.245168302108562
1;1;1;1;0.19846484220681979;0.26891581817170185;0.640914675672645;0.19846484220681976;4.631005167495288
1;1;1;1;0.16859549646582797;0.12767118722980833;0.5869038108528492;0.16859549646582794;5.32513656172354
1;1;1;1;0.16365772757672387;0.04769080637282007;0.6750768488294501;0.1636577275767238;4.984857824858175
1;1;1;1;0.19165317828727396;0.06931213198340783;0.6229177726553722;0.19165317828727393;3.835484131667539
1;1;1;1;0.18671575739015173;0.07366131366079956;0.6220106438256005;0.18671575739015173;5.031819645437971
1;1;1;1;0.19513823376266431;0.7938923649780186;0.6476649885810829;0.19513823376266434;5.226226141252258
1;1;1;1;0.1622394610684746;0.20204719880562413;0.7006010705695955;0.16223946106847453;5.268843306173956
1;1;1;1;0.18393706535802049;0.7727165045674319;0.5840829646122387;0.1839370653580205;5.147371521948243
1;1;1;1;0.18477531877179793;0.2494196247236025;0.5745876611091022;0.18477531877179795;4.036382109146677
1;1;1;1;0.19336543910770568;0.05279302454195377;0.6421455868849618;0.1933654391077057;5.660571535459688
1;1;1;1;0.15906812632256243;0.0919705232707827;0.6597263659645826;0.15906812632256245;5.113182174298849
1;1;1;1;0.19248144005202533;0.7310247255441954;0.6248241613461528;0.19248144005202533;4.945191604781757
1;1;1;1;0.18007974769007626;0.9164426212387383;0.6440178169604822;0.18007974769007623;5.57545745979418
1;1;1;1;0.24102457855079207;0.09265438329336545;0.6505408429392376;0.24102457855079207;4.528538558016848
1;1;1;1;0.17475556477867676;0.08928497602899094;0.6072325074570539;0.17475556477867676;4.012135034135249
1;1;1;1;0.1878932970611959;0.862510920969351;0.661629378834185;0.1878932970611958;5.037103403437181
1;1;1;1;0.21862561566164562;0.673926481528891;0.6786895693240995;0.21862561566164565;4.8359212969141225
1;1;1;1;0.1879003081298456;0.11076736113852456;0.6455032783422162;0.1879003081298456;5.148915095548404
1;1;1;1;0.22520409755340065;0.05696682466292078;0.6987054786177962;0.22520409755340057;4.767652463286438
1;1;1;1;0.17835429787377716;0.8698541488604623;0.641190544988729;0.17835429787377713;5.725863821701589
1;1;1;1;0.18194682367082363;0.1872424893879783;0.6023574686327622;0.18194682367082365;4.0482041732137946
1;1;1;1;0.20283185722312144;0.8246262837832261;0.6428645852633967;0.20283185722312147;5.067104225427329
1;1;1;1;0.13686788961519172;0.3440587518569503;0.6093825646735994;0.1368678896151917;4.487123057678411
1;1;1;1;0.1748299015267077;0.039995066348718515;0.6993771844799728;0.1748299015267077;4.6767598823211465
1;1;1;1;0.20013337927675995;0.05043708831776555;0.5493260828294347;0.2001333792767599;3.845091535447101
1;1;1;1;0.19409133002585574;0.9630899909301773;0.6528189905949286;0.19409133002585577;4.850144342771827
1;1;1;1;0.17539460971013224;0.04204954078541001;0.6342662570369155;0.1753946097101322;4.0468296757461735
1;1;1;1;0.20052789508158145;0.07986259719367439;0.6920634841182199;0.20052789508158148;4.9043974306758145
1;1;1;1;0.13527875349976726;0.06796172796875266;0.6166490966943204;0.13527875349976726;4.482532682833307
1;1;1;1;0.1916600709599397;0.1448443932694485;0.5772095176854775;0.1916600709599397;4.584049824773603
1;1;1;1;0.1991420298324338;0.41625232446750804;0.7005714824416611;0.19914202983243384;4.842637822717084
1;1;1;1;0.21233828571953225;0.3283580684496887;0.6020751877904477;0.21233828571953217;4.172031791935264
1;1;1;1;0.19859005759002568;0.09140605141989568;0.6450124179775394;0.19859005759002574;4.789787035317221
1;1;1;1;0.19373448622763617;0.2231044529863537;0.6720559680690502;0.19373448622763614;4.91702300477481
1;1;1;1;0.19732728210495634;0.44286042364871164;0.6362236420692715;0.19732728210495631;4.58469973858376
1;1;1;1;0.21835950850814964;0.10335357390030644;0.6236337073137201;0.21835950850814972;4.453013205778135
1;1;1;1;0.2101521485615378;0.06276715456415519;0.6722117169176828;0.21015214856153788;4.501674254211528
1;1;1;1;0.16320993310353193;0.6711618768840502;0.6595731709349208;0.16320993310353196;4.763130444393363
1;1;1;1;0.19855687764715668;0.3178311710277409;0.6469490928120327;0.19855687764715668;4.59264860220395
1;1;1;1;0.2081831164553427;0.39564064718791847;0.6581987604076796;0.2081831164553427;5.5909295896251585
1;1;1;1;0.16643218478477337;0.13800670090037523;0.6658609675724083;0.16643218478477334;4.648221655315876
1;1;1;1;0.20333945098414466;0.06800187030338398;0.6680894483208231;0.2033394509841447;4.581708393176331
1;1;1;1;0.17421138600258954;0.3001809361642637;0.6622487275186397;0.17421138600258954;5.191755063219524
1;1;1;1;0.19002810837776843;0.3229982633693722;0.6484416434889873;0.19002810837776843;5.64105855402136
1;1;1;1;0.19574946055851583;0.07981091151736794;0.7120659390854363;0.19574946055851583;4.899293482640909
1;1;1;1;0.186711723928341;0.24066114552307097;0.6319196876721578;0.186711723928341;4.734616018136252
1;1;1;1;0.19323436287073575;0.06721122971530424;0.5992286198990052;0.1932343628707357;4.901357002612557
1;1;1;1;0.16237568122500834;0.08261741819770374;0.6702728611262424;0.16237568122500837;5.513713990480966
1;1;1;1;0.21316039488859262;0.0991925097421687;0.6378047328256065;0.21316039488859267;5.131723447383785
1;1;1;1;0.19843247569394296;0.11465061575563915;0.5989572731818629;0.19843247569394296;4.9090031804799965
1;1;1;1;0.17818622493159475;0.1303337170291549;0.6533477720807005;0.17818622493159478;4.850301432268679
1;1;1;1;0.21338022286366876;0.7123062724627146;0.7096329933495942;0.2133802228636687;4.68435364892175
1;1;1;1;0.1890408737466642;0.291044330456794;0.5366845435832136;0.18904087374666423;4.88152942138352
1;1;1;1;0.19495653854374112;0.4104931550209693;0.6781306684960027;0.19495653854374112;6.032223292034381
1;1;1;1;0.16360608347773659;0.09729721715395141;0.6515773236910026;0.16360608347773659;5.518135491519057
1;1;1;1;0.23167639295293851;0.09157001263997298;0.6650698942707494;0.2316763929529385;5.125445534722242
1;1;1;1;0.1920640191274223;0.08926627408461425;0.6218214700869629;0.19206401912742224;3.997442063072508
1;1;1;1;0.22919693297337226;0.08052512871965249;0.6955636255871659;0.2291969329733723;4.781676519102502
1;1;1;1;0.25066325203117157;0.061983565205423835;0.6868250708951549;0.2506632520311716;4.610507135614234
1;1;1;1;0.18480656542570895;0.17359062302140502;0.6674308383230357;0.18480656542570884;5.27039014745225
1;1;1;1;0.19240241877933392;0.159611704511719;0.6314274573868794;0.19240241877933392;4.306818789636512
1;1;1;1;0.1846756637102605;0.361614130647632;0.6279407455181276;0.18467566371026048;6.25758591265866
1;1;1;1;0.19959427967953575;0.1319119694030399;0.5574815806796788;0.1995942796795358;3.7536749708361143
1;1;1;1;0.1643473576363354;0.6980676218416518;0.6032341435944795;0.1643473576363354;5.610318418356844
1;1;1;1;0.19172525827170178;0.05783119774596962;0.6717775252152646;0.19172525827170184;4.314379388324935
1;1;1;1;0.20423469002608646;0.08624435677400209;0.6631453910663496;0.20423469002608652;5.031306530682061
1;1;1;1;0.18818205805797428;0.7700220641502155;0.6193065878979549;0.18818205805797433;4.718832515969946
1;1;1;1;0.19875847589661558;0.08548090997233032;0.6654203819074445;0.19875847589661558;4.451728850769781
1;1;1;1;0.19292488077883432;0.891205033504704;0.6579005454718707;0.19292488077883435;5.172008963256864
1;1;1;1;0.2063445780454548;0.5105124893929731;0.6556903055225305;0.20634457804545486;5.466293358241602
1;1;1;1;0.14071898712514633;0.055427482241363984;0.617773961975062;0.14071898712514633;4.179517813841891
1;1;1;1;0.20191970848000268;0.048599845302601564;0.6462745884406389;0.2019197084800027;4.656423481466827
1;1;1;1;0.16551159989664244;0.3112725406872553;0.5246473674279973;0.16551159989664246;5.153421712283706
1;1;1;1;0.26076642714200526;0.061611680897537956;0.7520773488090912;0.2607664271420054;5.310479729660797
1;1;1;1;0.1630324862765689;0.8391962163542743;0.6660186532351519;0.163032486276569;5.047698901323236
1;1;1;1;0.1626982498874177;0.0880295390710975;0.6256077980784207;0.16269824988741777;3.8235853201034598
1;1;1;1;0.2455052761899567;0.11146646924546595;0.6905860202691749;0.2455052761899567;4.722875740009876
1;1;1;1;0.18595704029084037;0.26248348825237533;0.7175270469149;0.18595704029084037;5.092186660498188
1;1;1;1;0.19811598335911434;0.08321745767986943;0.6639494612365056;0.1981159833591144;4.276342409018317
1;1;1;1;0.22706159096671638;0.7742790977408798;0.7058225866194701;0.22706159096671638;4.859810840593425
1;1;1;1;0.18802943541118855;0.10407798646252797;0.6729112199332162;0.1880294354111886;5.179878827560811
1;1;1;1;0.1852279980611144;0.07588885729234057;0.7393713635607132;0.18522799806111437;4.9077024366816095
1;1;1;1;0.19532340203689194;0.6332685760820946;0.613887155311618;0.195323402036892;4.606837960185853
1;1;1;1;0.22156033630864483;0.38529945760299966;0.5192257022107024;0.22156033630864488;4.871152731923344
1;1;1;1;0.16739936451930856;0.08560006616060076;0.594141106739064;0.16739936451930856;4.431508782190491
1;1;1;1;0.22772132120196661;0.08675579740815609;0.6495252103215624;0.2277213212019666;4.667972710478297
1;1;1;1;0.14753818666941243;0.25099795732523783;0.5837837356818134;0.14753818666941243;5.2492930140202265
1;1;1;1;0.16295134545612047;0.11734383828700931;0.622077741371369;0.16295134545612056;4.666254834448142
1;1;1;1;0.23716227376598087;0.9799872781924772;0.6958011520743053;0.23716227376598092;5.125370671813147
1;1;1;1;0.22311887468315106;0.12005643891272133;0.6488166056591308;0.22311887468315098;4.879870235912833
1;1;1;1;0.1766710067180558;0.6008922844778605;0.6927839545186136;0.1766710067180558;5.019323453047507
1;1;1;1;0.1784281043643779;0.13604884200045067;0.6009244328175762;0.17842810436437792;5.49338890322896
1;1;1;1;0.16943492769305085;0.09752046837802829;0.6203730702983922;0.16943492769305085;5.026789279623024
1;1;1;1;0.18084788345100494;0.05900208533454655;0.6918318592384054;0.18084788345100494;4.970266858051289
1;1;1;1;0.18741718653805794;0.0775196225766337;0.6196653861713616;0.18741718653805794;5.042120685627171
1;1;1;1;0.1779062311152465;0.9915505549081504;0.6067400842664538;0.17790623111524645;5.0205435355438475
1;1;1;1;0.1679033169054556;0.09946396474147441;0.5804647827866276;0.1679033169054556;4.705406077136947
1;1;1;1;0.1739182253589327;0.9356329154467072;0.6365135291826147;0.1739182253589327;5.389621740352469
1;1;1;1;0.16221379092943225;0.27570150089365925;0.6207169011108344;0.16221379092943225;4.772733702376329
1;1;1;1;0.15993863950206189;0.055908024638553405;0.6311259176272519;0.15993863950206189;4.4726850952669395
1;1;1;1;0.1877249883680291;0.5587693122243124;0.5913234486254365;0.18772498836802906;5.663923019375613
1;1;1;1;0.24170156083207775;0.057140357160759776;0.6940407219989271;0.24170156083207772;4.53747342433648
1;1;1;1;0.2032396568878497;0.08583383526973729;0.679052910135475;0.20323965688784967;5.080661665025627
1;1;1;1;0.22078649842404996;0.09333262209349913;0.6906016681490952;0.22078649842404996;5.266560689033303
1;1;1;1;0.2024455987178012;0.22995049244813293;0.6367907162543536;0.20244559871780113;4.844200175392076
1;1;1;1;0.15246571159263045;0.11381590540611579;0.6244402857111215;0.15246571159263045;4.636547635579367
1;1;1;1;0.1818274273050176;0.08178824043134107;0.6334301998969055;0.18182742730501766;5.136136411323437
1;1;1;1;0.23279394843676057;0.5433813048846182;0.6582578480662934;0.2327939484367606;4.304519427971954
1;1;1;1;0.18747239981462274;0.6624257575968269;0.5577877400693906;0.18747239981462277;5.478652767653745
1;1;1;1;0.17109554766008886;0.1290061589098968;0.5925062379199096;0.17109554766008886;5.8365966497726145
1;1;1;1;0.16264912619333552;0.999999999999961;0.5797220030764003;0.16264912619333552;4.838945279069089
1;1;1;1;0.14990916762271475;0.42334151940529857;0.616361955073571;0.14990916762271475;4.377753973221992
1;1;1;1;0.18493434500397987;0.13367085432203135;0.6157201571082463;0.18493434500397987;5.077236935173493
1;1;1;1;0.19174600711986864;0.08194682254935352;0.6536235217207571;0.19174600711986864;4.632246234407264
1;1;1;1;0.19123150846400633;0.10567416748021456;0.5977882176604737;0.19123150846400633;4.999942677358974
1;1;1;1;0.16931461441698076;0.11171927789605045;0.6892360257835832;0.16931461441698079;5.3041169565288975
1;1;1;1;0.19789678090585677;0.06573708542435346;0.6797892338988429;0.19789678090585677;5.08620375241614
1;1;1;1;0.2685186908028994;0.7876798800501674;0.7708630658445095;0.2685186908028994;4.839413156260553
1;1;1;1;0.1948199694768159;0.11220664412022598;0.7300555607677619;0.19481996947681587;5.139784574859371
1;1;1;1;0.2225195872860932;0.8067621375596368;0.6509631372447029;0.22251958728609314;5.1769676125058215
1;1;1;1;0.202785794441676;0.05733896969539957;0.67604972526268;0.202785794441676;5.011987285910187
1;1;1;1;0.22072105541048162;0.07368781066677857;0.7080827402076868;0.22072105541048162;4.585141307506737
1;1;1;1;0.19119275394728322;0.9535665425740664;0.6640207128011052;0.19119275394728322;4.466714056792499
1;1;1;1;0.18141778596728522;0.06185132923320971;0.663661769498021;0.18141778596728522;4.951034189839415
