eval-density;spatial-autocorrelation-index;eval-speed;eval-activities;eval-economic;id
0.13281074001799942;0.06622378184831178;1.8481223348773708;0.7865373744506068;0.07245091671327213;111111112
0.11855091493561284;0.15455493236318912;2.0725005485745838;0.6998815721261972;0.07740483098055273;111111121
0.11210820028705916;0.11667766180962948;1.6714600108561977;0.7395572051330841;0.0730472592070691;111111122
0.11703533451598473;0.09979271005488664;1.6953351857441472;0.7424205190496663;0.0690248293885409;111111211
0.1299746893801114;0.08318673476480046;1.6572778267339014;0.6636451756273565;0.0809957813056147;111111212
0.12217141768731603;0.1400911591623932;1.8547083248899359;0.7920844340724127;0.07483945572943543;111111221
0.1107554767354584;0.6086143381692367;1.7770435739917736;0.7367880073872141;0.07618028398820384;111111222
0.10583290631544787;0.8032084321720354;1.762125634989069;0.7979774719085898;0.057647561566724244;111112111
0.12830528784070958;0.07334451240416907;1.725739576065788;0.7932469451628665;0.07926821518357627;111112112
0.12474842090582103;0.35805404656624373;1.6920916539411608;0.7346456685715964;0.06415377040494605;111112121
0.1217875420684257;0.12323195849047311;1.5321613959345364;0.7837699009774525;0.06746964480260931;111112122
0.09868710493251487;0.7245912103326435;1.656985373041952;0.8152569002758472;0.08335039283182327;111112211
0.12433101496707462;0.7339976913329584;1.6223676723940814;0.7822127660761262;0.07463516273215776;111112212
0.11480135333561792;0.3750796746055822;1.8096598417621494;0.7724966839563421;0.07344716256957265;111112221
0.10902268022934697;0.10492905721163916;1.674352381487158;0.798802473779839;0.07237783301037631;111112222
0.1326530654868545;0.9092060044684439;1.8534699881954477;0.769881017752204;0.05796483320775823;111121111
0.13198997554776076;0.11032497889074455;1.841434753397731;0.7812981293108878;0.07812713656219215;111121112
0.12726632411784303;0.9194883378367836;1.6561816855810279;0.7215828116205969;0.08393965888590849;111121121
0.13684317012194447;0.13066809274152927;1.6039226317482354;0.7579302670236363;0.05883657900423378;111121122
0.12669095227075375;0.9155000656036915;1.8200944057615984;0.7805343701909686;0.06753041412026424;111121211
0.14515589900411413;0.6854376722737553;1.8055706777579872;0.7152829186274385;0.08099277160255584;111121212
0.13184301303148377;0.2723651850824112;1.6493418623685299;0.7589408532411094;0.06957355506736128;111121221
0.12237031722443505;0.849031241006247;1.7285085310539656;0.7471423615835999;0.0714391200607425;111121222
0.131169854747134;0.9081881362295345;1.690292696672892;0.7591227744053461;0.06570193151696904;111122111
0.13376349796854686;0.2758455120094665;1.8278519987346054;0.7849712412114414;0.07084007334408902;111122112
0.12588985479008125;0.9066818095502652;1.6483334821221636;0.7736978971762055;0.07684552067605144;111122121
0.1263238401861989;0.8762240060844603;1.6044838285167964;0.7654781908807478;0.06299196510400219;111122122
0.12570300950160543;0.2751024340884778;1.8068700756361382;0.6230720626606796;0.06782077539032304;111122211
0.13455960405046372;0.773266449480255;1.8221799602744995;0.7882669823906724;0.06850528990355599;111122212
0.1296902170502289;0.2757790069681577;1.642709214054864;0.7430561075428186;0.07712879109530651;111122221
0.1403816173732209;0.1533921769273059;1.6166947534503873;0.7761124510634158;0.08010612144895032;111122222
0.13390861287020034;0.7779738767236253;1.5962865662417274;0.7061451215476575;0.07430622781914693;111211111
0.1393197755124419;0.10904145054984267;1.733721660566806;0.7727277255536691;0.07323616897890059;111211112
0.1352330603433189;0.11281452814486043;1.591529037372997;0.7482381730702017;0.06191559158431553;111211121
0.14180761142860043;0.11102958549603315;1.6248339737604816;0.7820955091484375;0.06781855145034134;111211122
0.1385104954092519;0.8737101453624041;1.5308403140468276;0.7689763412683024;0.07015938685995603;111211211
0.12208218493614537;0.6365232748399758;1.7149718232064501;0.7703872452038607;0.07765514512849388;111211212
0.1314231045335149;0.13787207013865738;1.6873018501590578;0.7671771040530017;0.06907809413067392;111211221
0.13695341958447224;0.6290899488934745;1.6466432683200936;0.7653359571979397;0.06708661810669854;111211222
0.1466849258014369;0.1368269529719777;1.9284777557438215;0.743846463449737;0.07888801711214981;111212111
0.12277006278936738;0.6581723507582432;1.5643656704404343;0.7709626150923424;0.08430839691884484;111212112
0.12981434530184263;0.8474499934330495;1.6130066500508538;0.7664116926886844;0.07448882121702628;111212121
0.11420375753833911;0.5548349428852913;1.763171740389489;0.7873073942060175;0.06273520090634584;111212122
0.14715542226342654;0.7989507556003778;1.52954681118196;0.7703690066411948;0.07646089492342616;111212211
0.1283497711713106;0.6620831344642678;1.7458408191767418;0.7501555075238024;0.08088931054964817;111212212
0.13767122205090304;0.13410290815981368;1.6313748538669244;0.756523074483993;0.07349506528024176;111212221
0.13650121449795138;0.4692728302407516;1.579536160226791;0.7723183329029584;0.07363520747863787;111212222
0.11626384124488447;0.5657763091493917;1.6554799786940548;0.6957574086406957;0.08544885263751435;111221111
0.13622265516196766;0.6411571144913716;1.6415658506576634;0.7419998795040605;0.07472378824211034;111221112
0.13768453253979657;0.20140101310629002;1.5807447430309125;0.7146387123034016;0.07362799728654823;111221121
0.16412734931158268;0.12197391328121839;1.4448688296329548;0.7772811859692462;0.06421179723803228;111221122
0.12868739123855202;0.09993540710730366;1.6837429800421009;0.7692199160420579;0.06903432654869071;111221211
0.13680147897466985;0.6360250865438271;1.5631611114853374;0.7668842918159002;0.0722916146789579;111221212
0.12751698697311833;0.13833876058679256;1.5513135729119396;0.7515254631882857;0.07044236706789973;111221221
0.15845188056871537;0.5598149451254383;1.5473552906860408;0.7573324717249912;0.07687331467806835;111221222
0.13485261240533714;0.2037515260808441;1.6409950343811839;0.7655610377161411;0.07469864760428375;111222111
0.1430569430332081;0.13806624706366208;1.6327276794156074;0.755890171204705;0.08201358019188444;111222112
0.1301880159121328;0.6110031807275846;1.4907132768525853;0.7871459402925117;0.07290830086265597;111222121
0.15566158181009387;0.1352846796166419;1.5614924017661718;0.769937995246882;0.07091712587841806;111222122
0.12314535815556536;0.6436068282166447;1.6294638051479102;0.764030870389536;0.0763981087474928;111222211
0.11646221731935036;0.6772077324637897;1.6728879974625328;0.6971415646718202;0.06850795889678742;111222212
0.1369471142781358;0.9176470798620818;1.5114682962007064;0.7629854512490246;0.06917465757766895;111222221
0.14981826005500043;0.1570192820114997;1.5402959798400881;0.7554690840397875;0.08198856360940425;111222222
0.1408547596008494;0.8980789217280024;1.5199990100907022;0.764206493224092;0.07593941098595558;112111111
0.11723463918867442;0.11199521061437503;1.5632325694905624;0.767940265518614;0.07028588072463629;112111112
0.12169354867406115;0.3714638587377281;1.8003846850473144;0.8027978920411692;0.08624292529430744;112111121
0.08783679876418636;0.6200138423040846;1.8528255279674435;0.7596068008676198;0.07016373578193151;112111122
0.11739396794512844;0.8851255507385368;1.612864708352567;0.794065497403031;0.07934013395798707;112111211
0.10531778320150907;0.6822813383633052;1.5606926122124611;0.7678608753321574;0.08723990857533637;112111212
0.13810831963052933;0.258367857313399;1.6592212819461722;0.8062278586282796;0.07411660888686372;112111221
0.08899578770131983;0.37388122326892775;1.9437631694901183;0.7798379241328466;0.06582040780384103;112111222
0.12557591280969183;0.875775679573089;1.6248265292410058;0.7846999820194526;0.07888288835794405;112112111
0.10468007055405623;0.46688136919386564;1.611268035373684;0.7875589794870106;0.07725121831671986;112112112
0.124206066377028;0.323550999126523;1.8849662329417063;0.7894636198955124;0.07154152287990609;112112121
0.08734808106218372;0.16106680928347591;1.6440394772032745;0.7761046958430221;0.0756770911355242;112112122
0.11766559304398735;0.8510070278154547;1.6594178628800058;0.7573815101605499;0.07809140412164006;112112211
0.10438186577991673;0.6033848652941384;1.6417882799751653;0.7769859683303832;0.07412835186549908;112112212
0.14056556764872588;0.5753121423436545;1.6440415966015935;0.7918876439485341;0.07954492040568382;112112221
0.08400184480547077;0.6448921988484781;1.7986477565150951;0.7649180653784022;0.06943190892858343;112112222
0.14238790439610274;0.1548013421681195;1.7061397595622092;0.7692027718947717;0.08420304925278657;112121111
0.14316332298121986;0.11812862494891974;1.6223688302607933;0.7542273352934709;0.07480832400513344;112121112
0.1367127941952414;0.6917709297970996;1.7651662386429714;0.719321889957687;0.08169457143752376;112121121
0.1526158362329053;0.10762142986762503;1.5369740773890324;0.7896961651598197;0.06681800796882259;112121122
0.13380408195149315;0.7332248737615108;1.5869382968565788;0.7748200707655367;0.0791220162693843;112121211
0.13873560245106537;0.6074550321346625;1.773565433980906;0.6342554133155458;0.06844875795280639;112121212
0.14248747365791428;0.6305568564438512;1.8601397201898666;0.6341800854827739;0.07626320364198907;112121221
0.18138386524761668;0.47180721432769684;1.5406567483881115;0.7900253718727612;0.0710363682137188;112121222
0.13605384578578747;0.759423621081355;1.736764258173181;0.734355618395891;0.07746329829034775;112122111
0.1349078992693474;0.6554787091641595;1.8857513998260604;0.6108369828796175;0.09232902820202336;112122112
0.13739714851753204;0.7105256671130502;1.7904557365440974;0.6298298548485393;0.07786778757121343;112122121
0.15119394064293598;0.12221579653960989;1.4646103167671756;0.7813514870617027;0.062431574341119865;112122122
0.1352504149169138;0.14617740055087713;1.6187437540837155;0.7376854685384373;0.07297385871939192;112122211
0.14176328935377164;0.6213915219460393;1.6206647490405945;0.6821798228722287;0.07654055766884461;112122212
0.14099394587379552;0.566291304380792;1.70585061945093;0.7393516085344569;0.07106340077719742;112122221
0.18458818609378363;0.4866459529919099;1.6000453735685827;0.7926587081228422;0.07781164825708971;112122222
0.15130389163688449;0.14209209096036549;1.5753568597508747;0.7533616518599844;0.07659040341542861;112211111
0.12812331289368917;0.12401181567457398;1.5966560671335224;0.7590560517858441;0.07799741638506524;112211112
0.12534893849506454;0.6664108788466007;1.5412599311024306;0.7268545110193021;0.06616431714763289;112211121
0.1399117667960058;0.09386601652731501;1.6513092370622928;0.781028436672471;0.06856035017300544;112211122
0.14709560225599821;0.10447768406157831;1.5276722663588547;0.7767623492245269;0.07944003591297513;112211211
0.12973597975162168;0.9301584780413165;1.6737439756681347;0.7688845951953618;0.07822814277028169;112211212
0.12261670595871996;0.6681821929186778;1.5326158202675746;0.7322308147003128;0.07981432789706702;112211221
0.1271087124171332;0.5923423077181493;1.5713242664688107;0.733488081333352;0.0714973073773924;112211222
0.1355191499250513;0.6035724156718337;2.24253555101288;0.6898580676527128;0.07306925827389255;112212111
0.1346946346595295;0.9147636903670712;1.5649229014631734;0.7503812987731242;0.0762317976717106;112212112
0.1252613696513656;0.6789954221499288;1.5423206392631705;0.7595242187421573;0.062451301422300515;112212121
0.1407872249245501;0.616750053316003;1.5554016299171924;0.736699927475801;0.07578566303038087;112212122
0.14336171686063287;0.10637246991910577;1.6265417705264409;0.7833687709520603;0.07138190917747361;112212211
0.12565416622283643;0.6408757694206746;1.7736268425902275;0.7663391254160039;0.07435485769221765;112212212
0.12735201634331084;0.8235206203798694;1.7037484021230498;0.7529576346457543;0.07315303847963481;112212221
0.13069440323325776;0.5561417829709414;1.6384866811293295;0.7679690759945152;0.06887957384827947;112212222
0.14065610328775607;0.4449790515345579;1.5846422863564926;0.7474584577575176;0.0839339650815467;112221111
0.13119131361058575;0.13103686873649195;1.616795916195208;0.7404027509914464;0.06555183541443572;112221112
0.13380691705064385;0.22102460394791743;1.703325959068487;0.7191535505371738;0.07372084021431169;112221121
0.15433554131525126;0.12860887874741478;1.4720933495274706;0.7753153562036316;0.0749930628770094;112221122
0.1388794352528911;0.621375592023971;1.5801322209243214;0.7812653166984731;0.08832400109846944;112221211
0.13036629005565958;0.8721261697737988;1.6180802654060424;0.7697328792293222;0.08130652965442932;112221212
0.12823559826756917;0.8749631089349781;1.4923145588639897;0.756952681052647;0.0800281345494655;112221221
0.15503071019122927;0.14778517230661925;1.546114116150905;0.7480702384848797;0.07987792342300894;112221222
0.14047568252536705;0.957533153364379;1.6762826334437968;0.7662428356652191;0.07700260942061254;112222111
0.12768494040016246;0.6255866038727605;1.7178516482558805;0.7684673620988949;0.07677629028811334;112222112
0.12792188337263427;0.5404858577235087;1.569236353247362;0.7732985660148368;0.07189794742446559;112222121
0.15402012045723423;0.7413208633066126;1.5012451137554526;0.7721238008422855;0.07722158220057763;112222122
0.11847889318728481;0.6410191710281796;1.6364382526846013;0.7702832031062518;0.07656332232463103;112222211
0.1349040102920396;0.7292229467058668;1.6381005101038708;0.7781410794501442;0.07019013726019908;112222212
0.13100295896567693;0.6021882915699276;1.5773404343179909;0.7639723918374541;0.07541563066606652;112222221
0.13273140958839477;0.729366164143505;1.4786970141560412;0.7547985181523645;0.07330404556541888;112222222
0.1317615999669733;0.9351640091146923;1.5630360583559617;0.7483985563610014;0.06865628903090845;121111111
0.1262620279991782;0.5463367382320804;1.5968115133926388;0.766127827189782;0.08007831456889705;121111112
0.12975427684299334;0.4972960616499217;1.7773859539278651;0.7790250990648319;0.07969520021248164;121111121
0.1339101314235395;0.46883813710426747;1.70374024852401;0.7253392425424084;0.0833542989991217;121111122
0.12409390366338158;0.6172107878441649;1.6116030037862903;0.7431559885028867;0.06867399638287988;121111211
0.13828555669905357;0.5056597068385763;1.5020490904336528;0.7605802451323355;0.07290552136849246;121111212
0.13279543936802715;0.4538933508106278;1.6689709335463387;0.7789287984706506;0.06923832264603925;121111221
0.1291334241756503;0.535677561470779;1.7825313412153174;0.7969842970752581;0.08134882758226235;121111222
0.11778186909969544;0.5993201120545971;1.658609803323362;0.7584849326781615;0.08132108720125696;121112111
0.1255448857600182;0.8470532406627985;1.6103175002023074;0.736949219134168;0.07482062140307011;121112112
0.13319889497335338;0.4596833712546227;1.7168711550723095;0.7884076936350228;0.07602238251109829;121112121
0.12867689348914682;0.47028917267109954;1.7692061087225561;0.7928700761077134;0.06318528355461171;121112122
0.11425970882938734;0.5723993876639759;1.5041672244357251;0.7422623198286218;0.0864713672608696;121112211
0.12527723289255946;0.9267391384907798;1.5829040511635488;0.7659211329875092;0.06558957541749112;121112212
0.13230857371461957;0.4952016346696819;1.7259671948274093;0.7391680385618874;0.07127581679973771;121112221
0.127140811344188;0.5244929158096493;1.7690380632441614;0.7193462557898931;0.07218129254415735;121112222
0.1315974026611423;0.8791315661616259;1.6847742220078699;0.7688246996327917;0.06337648396455899;121121111
0.14128567125220123;0.5912269831999057;1.8388991488741433;0.7739194950972904;0.062315865747132895;121121112
0.14742783014242658;0.29066197525889326;1.538496003242331;0.7686370802219471;0.07433432047196617;121121121
0.12080151327381444;0.34681122728776126;1.60232483998429;0.791136901817824;0.07352863961356847;121121122
0.13617359541165408;0.4921606965677134;1.567048108648872;0.7792944429812128;0.06480595210746905;121121211
0.13382550599407403;0.5803963103246436;1.5817605603869647;0.7710584218217144;0.08193546821468412;121121212
0.15659307356551058;0.5960425067509219;1.862555789218575;0.7834595829836675;0.07405112505379677;121121221
0.1211695173301259;0.8915202635254871;1.5951910918074652;0.7594814414856421;0.06881161935470598;121121222
0.12763848767909958;0.2588487136800402;1.6691514169573334;0.7783156187422542;0.07981280290282075;121122111
0.13698335539843792;0.6019008207606819;2.047163350744648;0.7392700331986499;0.0794960397160173;121122112
0.14433271040128542;0.29905546494175983;1.6817222191928225;0.7869621545625111;0.07192457166200063;121122121
0.12275359307307973;0.3236129950245005;1.602825803551997;0.7904910191261159;0.07189968662674644;121122122
0.13312644595116624;0.2578825479048935;1.6673857628047835;0.7883091697932221;0.07149915675658669;121122211
0.13151948897277685;0.6359986472116587;1.6364508380195744;0.7759751391289285;0.07243920215899799;121122212
0.1565971435646074;0.6113400366233267;1.8505730163346656;0.7803482085522918;0.0767513239561004;121122221
0.1212673563167974;0.6335820966970658;1.6449727146104547;0.7754334677012757;0.06821683406085272;121122222
0.14690092654515488;0.14039660519963787;1.6285782432007376;0.7663221281213628;0.07804026660575038;121211111
0.1270038241631615;0.7259866352780426;1.9532830326346475;0.7792833238427358;0.07505967003422583;121211112
0.1274774045785089;0.6912111783373417;1.8011333317639011;0.7377670200210624;0.06317447421210526;121211121
0.12784106281877128;0.5971096713857303;1.6228064357098346;0.7762934870073727;0.07631494094662145;121211122
0.14911780712134076;0.9847173110177022;1.6033083534749224;0.7706717141477748;0.07689244876892251;121211211
0.12752672105363605;0.6870090468542932;1.9788510851128047;0.7742550704408194;0.06635357646981402;121211212
0.12287922746062441;0.7057893491147879;1.6253214047380906;0.7324797432937924;0.0708485864709019;121211221
0.1331834197845465;0.6692129381570594;1.6756387655614189;0.7544067503951567;0.07002832202857245;121211222
0.14159542291156366;0.12275936783905346;1.6556124353217507;0.7675668184049262;0.07253513069367287;121212111
0.13416526776345591;0.11139883930123548;1.6616447914205652;0.7048375109888568;0.06492391574188011;121212112
0.12895894536493288;0.13811765364848158;1.829884559299189;0.7263908880592908;0.07232305549436652;121212121
0.1349968863566469;0.5565079672576501;1.5917831982283144;0.6785937368392398;0.07829088586675341;121212122
0.14707897235448705;0.6641668774920755;1.5804745317967188;0.7791941420603523;0.07549804645891431;121212211
0.12587720456950877;0.660338396626595;1.7872821776297796;0.7230513944879946;0.08244350097999285;121212212
0.13562573713410486;0.10764054884153991;1.6272240535112554;0.7321061033050325;0.07382194363082348;121212221
0.1367656531192976;0.10950648341659848;1.6492891204878102;0.779486079607351;0.07299602911354505;121212222
0.1271686052358114;0.8394161125492992;1.7043724254869919;0.7501834088261415;0.06961253226513102;121221111
0.13134088106442035;0.126366461748678;1.7625205600579517;0.7357611638576378;0.06934479859859227;121221112
0.1328266808318204;0.7797867561438142;1.6482420237817097;0.768322909997033;0.07113137846803264;121221121
0.1613987787494343;0.8683576184865623;1.4406059972834113;0.7367310857159393;0.08203691620028428;121221122
0.132042403573935;0.9185894895257034;1.6628991264298203;0.7578727968692667;0.06814925393013248;121221211
0.12360308286074517;0.8783825365849729;1.6383987073107904;0.7609479352443815;0.06927082005451156;121221212
0.13507078564330138;0.622552583668478;1.6932155998610068;0.6740714974900588;0.08097518985391236;121221221
0.15014099313709472;0.6791351955849249;1.5508325037095612;0.753273652706675;0.07850702368383365;121221222
0.13644547352303524;0.11621869716494967;1.6947358274422912;0.7731928437728237;0.07761567776487047;121222111
0.12790149187408145;0.8933925573744096;1.6622288746957583;0.7624391563052557;0.07337662016087128;121222112
0.12876127983140812;0.8081837587170417;1.6909029835883738;0.7642817770213446;0.07863808145913204;121222121
0.14181025717734919;0.7382100494790931;1.5317061969993644;0.7706690867280208;0.06924965363855674;121222122
0.12062124092092151;0.9327835703537126;1.6565140948664205;0.7537680042129534;0.07511135236262004;121222211
0.12307979949035014;0.6496130293507967;1.6212962555175894;0.7567421033683894;0.0768779700911528;121222212
0.12614504965960593;0.1253035852372503;1.6582534010146257;0.7619496209071689;0.06865924308543718;121222221
0.14517469114780904;0.6472208041479953;1.5091157978628007;0.7527070175547398;0.06487885991487706;121222222
0.1319423322027305;0.8810635290660479;1.516535793960755;0.7410318405853041;0.07722348147237214;122111111
0.12580036025729002;0.4133685925086905;1.7621688541735732;0.7483822506642273;0.07787621310006936;122111112
0.13684400975623642;0.47717890592857576;1.613696093294695;0.7217267967390758;0.06038917418695265;122111121
0.12642708361752786;0.5246746960509655;1.6862092726942937;0.7692611467102974;0.07378544745064661;122111122
0.12749983095284403;0.6131235633987134;1.5245886882881245;0.6739444405402344;0.07574506114786594;122111211
0.1288207659427821;0.6503782661115626;1.6355822155975588;0.7118736383997983;0.057715666034103025;122111212
0.13368602452055173;0.5212592354734094;1.6927812218932288;0.7747194047054877;0.08254208115602478;122111221
0.1306466320351833;0.8830610187662589;1.6639320222381513;0.7673205415105387;0.08238883951191177;122111222
0.124307377890193;0.9413767158454369;1.6574571423053557;0.7646108596842343;0.07050102259719872;122112111
0.13757794528526612;0.8555454871248943;1.5096896444823051;0.767736019078064;0.06596431515371974;122112112
0.1288037952970687;0.5243924653120164;1.7412716094948548;0.7779187571065798;0.08338599781933767;122112121
0.12795238018325628;0.5030495174454334;1.7468853018954669;0.7764957786988307;0.07275263757796178;122112122
0.11742734629720152;0.9533981438447865;1.5475645929672353;0.7704687795854877;0.06865269951223231;122112211
0.13089305933285197;0.6359446130931432;1.5625919404863056;0.7411251258981281;0.07208077277751719;122112212
0.13300046251589645;0.4850351909961703;1.8232447687579612;0.7626261644457276;0.06880136231833892;122112221
0.1246955369003184;0.7116897493686871;1.7825258427585464;0.7677892744908189;0.07689913181950105;122112222
0.1294577893729988;0.5045968408104031;1.6560039353751348;0.7606445501671193;0.07248701129737894;122121111
0.13366048758515042;0.633168299108725;1.8331648076433944;0.740332519873738;0.07170404962197388;122121112
0.1417515127974274;0.28046625784960116;1.5391159542101145;0.7401651936349007;0.06901280949826531;122121121
0.12939129781775358;0.33519688729203523;1.5902203214058415;0.7980831875965374;0.07873151229183038;122121122
0.1339438068728894;0.4831770906603902;1.7087790441342148;0.7134546667669819;0.07434956181464691;122121211
0.12928550496922595;0.9343202832341081;1.5485627317120187;0.7701238252089053;0.0723591794384699;122121212
0.1364354878093643;0.30704399290674855;1.5482991624048281;0.7658031371568956;0.06771544781817676;122121221
0.12303195541555154;0.8327242255929277;1.7849720614585591;0.7675126561816945;0.0738449793373172;122121222
0.14273782756495534;0.43040839401079267;1.663172039442504;0.7232212150267827;0.07534249795492982;122122111
0.1369477321352922;0.801519747083832;1.555263828513322;0.7302903047363378;0.05898392105417229;122122112
0.13966279018175853;0.3239864770973858;1.5457785018467685;0.775392348619283;0.07620023985333725;122122121
0.13045557203728564;0.3325170397183673;1.6913848040573622;0.7869403138021238;0.0755282157463703;122122122
0.133305314620833;0.4931111793048391;1.772228186442449;0.6945311272132405;0.06701230008809236;122122211
0.12811968281624095;0.6458027662240339;1.821921735113513;0.7574979973220796;0.06859896640694974;122122212
0.1364203753682592;0.3029532912539402;1.5494038804467771;0.7713327038620383;0.08178849757157958;122122221
0.12412619949201263;0.5854805373212021;1.7639505365610741;0.730616688730549;0.07369389697899646;122122222
0.14340879139490098;0.6350763018695824;1.5510173318828344;0.7550343938627833;0.07307587663666418;122211111
0.12671421152801693;0.13150412347516435;1.6185835489218106;0.65082168149837;0.06401582014025466;122211112
0.12528830856364226;0.6430256638457086;1.5909820598450501;0.7615576417242211;0.08487340046970385;122211121
0.13000751554158108;0.6516147468510305;1.7075829158407299;0.6484716424919872;0.0763222759186278;122211122
0.1469450064000894;0.10341263340376565;1.6098087137751618;0.7679193235190078;0.06837115120247758;122211211
0.13047606185851893;0.6200087384599602;1.687012996545578;0.7260194481046766;0.07389505018370326;122211212
0.13156086033898098;0.5909882791373853;1.8867653190113345;0.7365367338056364;0.07027575740384188;122211221
0.11298659763588766;0.7414076289702087;1.6915816705174138;0.7531509381951669;0.0706967950484878;122211222
0.1366141438299009;0.9578205214794367;1.6665285910195136;0.7039944977480928;0.08127691158487425;122212111
0.11554159570894064;0.8915648625368283;1.5863774316210335;0.7579429840544932;0.06596759786535082;122212112
0.11938381748878986;0.6246414151610197;1.5554009971466507;0.7626803599440692;0.06728331802615745;122212121
0.11724390908752033;0.6457845958483713;1.582846558636792;0.7809750032882208;0.08086942366706176;122212122
0.14639050203908166;0.7230406016402733;1.5191543161831453;0.6953387924085466;0.08603446309501234;122212211
0.1326491445936612;0.8234480812182566;1.6741749131567125;0.781986699409724;0.08224861760245114;122212212
0.13014297792172289;0.12643770269092164;1.6701634081034682;0.6995656469402403;0.06701561213716171;122212221
0.1329560390934436;0.6977600967939595;1.6709246055287974;0.7668806388572207;0.06389693128230424;122212222
0.13240558706204053;0.6489920131651713;1.6845136907574796;0.7576550213036299;0.07046452256579668;122221111
0.12142257190256908;0.6339858220418073;1.670552778998481;0.7586425052540071;0.07871957527352362;122221112
0.13142619951103757;0.13514633978664012;1.6073105742621698;0.7503744095207949;0.07220830674711895;122221121
0.16302078954091181;0.6914959230870915;1.467483609392687;0.7795579001533492;0.06274888188770467;122221122
0.13528472134954567;0.8504051290333149;1.640415524172464;0.7777856740708105;0.07235312102172599;122221211
0.12389069231911179;0.6547331414361511;1.6309628284679567;0.7650418077193826;0.07709958737483169;122221212
0.13369513333021438;0.11878121280159404;1.6551162526303158;0.7462768093499337;0.07898816793492212;122221221
0.1488686289716658;0.6822782478546165;1.5652444687440763;0.5937168460751758;0.06939993290298854;122221222
0.12071087637889763;0.6548666009827041;1.6460339132165713;0.746147132292001;0.07169841392083695;122222111
0.13598628441718608;0.1335037740380024;1.6854690621954878;0.7343352236774378;0.0684091187853736;122222112
0.13652388886161426;0.11306841565023681;1.6269806265503952;0.7326225584637209;0.06879030605070129;122222121
0.15886737809587198;0.12216968619428982;1.4959538362159974;0.7513867383790402;0.07890229991905022;122222122
0.12487753198890217;0.914479321878244;1.6369475894311263;0.7217806440272581;0.07406828079018445;122222211
0.12247012804313258;0.7271809720220836;1.645873551901731;0.7459396731893831;0.07860533406465414;122222212
0.12899792493660261;0.7576947228782848;1.6328095983315283;0.775183281649397;0.07320595988657132;122222221
0.14214941051981428;0.66340436682668;1.5769218955649476;0.7701752189498065;0.05750986251485255;122222222
0.13780298345531225;0.17819385342555522;1.5199922681922051;0.7607985551517981;0.07016779851375297;211111111
0.13443978743676627;0.12064317597094873;1.6328261301054465;0.7728417111169038;0.07380122535855003;211111112
0.1268650343750236;0.9149477896234165;1.6516808959902054;0.7390179718336836;0.06680054430958324;211111121
0.13681138901457152;0.10422359153619366;1.5980968915959912;0.7610008706912879;0.0743086726556109;211111122
0.14600431786074577;0.7691147775353677;1.5238590461074808;0.7682487013458708;0.08591175800128908;211111211
0.1351744295428886;0.13906353565913146;1.9584985850227523;0.6876744199239699;0.08808933156095512;211111212
0.12093136287284367;0.5573157300067864;1.5278804953754932;0.6751716919298663;0.07360487340353275;211111221
0.12742534308016706;0.5794751299977903;1.6366297501072908;0.7613378053224213;0.07361887422455042;211111222
0.15691460825177042;0.8610999900472598;1.7057396779337126;0.6948409353632747;0.07491368624159683;211112111
0.13191382048235714;0.1267211782962989;1.6243512887354008;0.764524230446876;0.06745918253325243;211112112
0.11594587141472423;0.5968587899426082;1.6187229650956796;0.7672620258993421;0.07890891385013311;211112121
0.13438587372337513;0.10548239081151119;1.681925868601649;0.7593279961887291;0.07190448094603333;211112122
0.14748160359435014;0.6950494862762248;1.5022147390627378;0.7656598027152353;0.06380707764969194;211112211
0.13554023852206737;0.09774119125516136;1.64411968909137;0.7680420087436608;0.06824427461685624;211112212
0.11964350099791517;0.7923653161489764;1.6154814747722144;0.7396761068057138;0.07199853578396148;211112221
0.1281691639475206;0.8171461390839699;1.6272228366473245;0.747901050989159;0.07403259060966212;211112222
0.12438728175567289;0.5368281473525481;1.6655198591735618;0.6565988822626289;0.08460097562079165;211121111
0.1269415405136457;0.8674185027283416;1.6557003178455385;0.7594083094954405;0.06925526545148213;211121112
0.13592351317551854;0.13296640919407868;1.652525247123243;0.7704596003175666;0.08467995281204238;211121121
0.14719368240590625;0.6783350439463239;1.5797216108608634;0.7794965680391042;0.07820747100174266;211121122
0.13479684349503127;0.1266690959881511;1.6657429854364343;0.6764053725663404;0.06424233686092971;211121211
0.1245244168796961;0.660257899841522;1.7815289404138566;0.7359205539442844;0.06831924460933946;211121212
0.12700932742196944;0.12937581092566913;1.607772223325083;0.7568646664914631;0.06849497313603466;211121221
0.1418505999881165;0.14133182374284756;1.5965630968623812;0.7549787925786159;0.08259558860548312;211121222
0.1330566517662879;0.8866179815611813;1.7083687552134585;0.7467522877335366;0.06950157357148821;211122111
0.12232739719355806;0.6922618366499956;1.6152712606652826;0.766386723095972;0.06977182315475694;211122112
0.13081764416707195;0.11134521369304333;1.5863808430392552;0.7386251121634491;0.08003388945469671;211122121
0.14931494191649503;0.9845209210012286;1.6036950728990464;0.771445138924584;0.07383814620598116;211122122
0.11200528049666823;0.6235853920730895;1.6214495087235807;0.7763483208571523;0.09077909424628065;211122211
0.1256600921855069;0.6919859064636537;1.7724403720761746;0.7371122280404234;0.07788625973544472;211122212
0.12554365172820345;0.6643360844868477;1.8288597293732365;0.7768498753318278;0.06764907942055584;211122221
0.14200774795610888;0.13791465891859556;1.6605463373308729;0.7591556279729048;0.08112616270044123;211122222
0.12252227569198461;0.719635812567485;1.8432798316077854;0.7240333611638312;0.06558763702561884;211211111
0.13650523445723473;0.30282812553160415;1.5504842177974536;0.7707611858514254;0.0714648549626776;211211112
0.1287010369038902;0.7116814156096034;1.5530206546497052;0.7653737110447387;0.06747067381687628;211211121
0.13090109298840313;0.2394094840639754;1.6530295830831514;0.7706504470711406;0.07289503278956655;211211122
0.13000860940398498;0.3024104679362327;1.7199671742116;0.7838302609216425;0.07463690332686204;211211211
0.1355399845089687;0.3310728295374895;1.65026448364766;0.7723783615104188;0.07762939328923439;211211212
0.1325839192376901;0.9770172471251677;1.8579941470037198;0.6743976544669705;0.0766438437142251;211211221
0.129889339116031;0.5163014345109516;1.7383798416400986;0.7577845042309173;0.06904946198433504;211211222
0.12281225552502219;0.7580765669163169;1.8860363817344;0.6977965753799489;0.06756536846332477;211212111
0.13925468253169102;0.2951905523009796;1.5602097868822546;0.7649383185888626;0.07315302199836976;211212112
0.12845132756474;0.6775805138113498;1.8658507891609435;0.7895690137021931;0.07887848417419947;211212121
0.13386789125607254;0.5000866232589184;1.6682777344139754;0.7793023561133956;0.06974897467149588;211212122
0.1298700410312544;0.5801617693851754;1.7924042313984487;0.7550633459791798;0.07564530847365247;211212211
0.13812686878410999;0.2726153496801226;1.5453582876192662;0.7608938650587049;0.07883946937988336;211212212
0.13525961592175803;0.555999916415279;1.5801799567887933;0.7386668244564225;0.07950715629955607;211212221
0.13915581941615565;0.41273040899783403;1.7683898645007214;0.7687233268022898;0.07278665613714204;211212222
0.12816436897487235;0.8929497872107853;1.7098484232719242;0.756998510562902;0.06720295752758822;211221111
0.13116438848498002;0.5233655849277126;1.752210699653271;0.775072981330018;0.07293411751341716;211221112
0.12877778291526776;0.6505536021724799;1.6293224223181904;0.6837221710579342;0.08657547441903149;211221121
0.12839855048120255;0.5797466738159243;1.6160797633641728;0.6999795251358639;0.07349908003797734;211221122
0.1287409633350585;0.5030495174454334;1.6894831431653285;0.7744592340329365;0.06946472071933206;211221211
0.12880379529706867;0.5243924653120164;1.7420414701270281;0.7776560746028811;0.07268089592323272;211221212
0.13463472656143768;0.4549708272640564;1.5884719567329857;0.7660787366779512;0.07152476326794086;211221221
0.12339908197352674;0.6070842260445061;1.661240727262277;0.7557423661417657;0.07234712527438479;211221222
0.12771002965049602;0.8862086036541188;1.7179552523935395;0.761145890081088;0.06697939871678765;211222111
0.13335112231624716;0.5454345777300664;1.7548340667646278;0.7380827879693675;0.06735095534835467;211222112
0.1289065058234625;0.6467557046320191;1.7833243506839576;0.6286355062990084;0.07700625588318577;211222121
0.1275724824101771;0.569580442143251;1.5449422489673137;0.7420450808244925;0.0704254513336322;211222122
0.12604427320665795;0.507264030991638;1.7742083122275678;0.7793190887479319;0.0755496971464181;211222211
0.13641546823834894;0.48663894581665185;1.608534843938177;0.7601287509182082;0.07497774558886001;211222212
0.1254802017630373;0.41662007821395275;1.7589744463491483;0.7435352670849442;0.07449421198320923;211222221
0.1428105830812472;0.6589120920693091;1.535632489106632;0.7607109363474867;0.07587263090628953;211222222
0.1505515655745576;0.8671403350438769;1.5703253923543223;0.7251025267208828;0.07496304973758867;212111111
0.13078320075389654;0.573485086572462;1.7773832426508949;0.768312923902648;0.07348507595309643;212111112
0.12344715264970638;0.8614539565230858;1.6535674287833497;0.7087112203162536;0.06217489689720009;212111121
0.12334239555442407;0.6596568751940762;1.6256993438965288;0.7652240813397115;0.07065946447615751;212111122
0.14621140278676276;0.13093375392392653;1.483113185939601;0.7662042086274985;0.07779474783491253;212111211
0.13795846795271777;0.6878957371898347;1.677120339938316;0.7589222226769602;0.07654896927872502;212111212
0.1294845606520981;0.896486561868432;1.6040703947494372;0.7306050866891907;0.06377966900354605;212111221
0.12870197615561624;0.8943702174082131;1.6880697106889184;0.7544211715521254;0.073532046970848;212111222
0.15627661473046062;0.12922710457259648;1.6496161225769876;0.766061143191309;0.08047565355631567;212112111
0.12909709674310393;0.119283149315308;1.8738498190741262;0.7722717831766017;0.07921868377857906;212112112
0.11188116366855007;0.6034868111849957;1.63739665455761;0.7498152296680254;0.0847702597789774;212112121
0.1327974413475454;0.5875408339813227;1.6527329200216165;0.7327034237367733;0.0700792323178321;212112122
0.15626472641432076;0.13101824654348163;1.4733004031382495;0.7676769656126909;0.06871037813420235;212112211
0.13598420790560578;0.09455510156854804;1.6556070768290025;0.7874208467653938;0.07768841372306655;212112212
0.1210593521482267;0.8207628837852758;1.6418506552836458;0.7479581757068566;0.0722308444763721;212112221
0.13231552486600273;0.638801803869775;1.7107225737304392;0.7627009267223442;0.06510004538020153;212112222
0.14357499657597528;0.11929423332590525;1.6656485503252;0.7407654127955552;0.0691600909165869;212121111
0.11582272027996697;0.5642713037623917;1.675820481542996;0.7560908792072547;0.07100097990268096;212121112
0.12922123714283967;0.6270309288231544;1.665968429156618;0.7397358988174365;0.07302262402453906;212121121
0.14345857251583702;0.7079852369278925;1.5263065485207088;0.7794395190668918;0.07976863704569839;212121122
0.13682151076086774;0.12744644852831352;1.5894243382760704;0.7240263487103126;0.07313526954595631;212121211
0.12524069177067523;0.13825129217699506;1.623493292587663;0.7526747608800742;0.06523501549342031;212121212
0.1269094862134499;0.7217417878887932;1.8191127086974013;0.7733423033409558;0.06980179340489621;212121221
0.13785264590829313;0.8795460048541447;1.5273629995733025;0.7616187738972235;0.07527619066835235;212121222
0.13257534112322567;0.5412227190217342;1.6814708079157563;0.6746009560509435;0.07614803277820736;212122111
0.12462044310593544;0.7097393146109418;1.6560618210880431;0.7353192395585144;0.07050468213279835;212122112
0.11220877824822913;0.1406140146468119;1.5155820282570822;0.762268463840059;0.06360293686491272;212122121
0.1426933586316501;0.7581737223074682;1.6154993091690062;0.7839523686297559;0.07609090710417361;212122122
0.141424135550955;0.11527064653107569;1.6065925679805901;0.7811504878919822;0.08396840262102896;212122211
0.12468927166760554;0.13195139245618406;1.6142814641236083;0.7528865250987351;0.0803669190110939;212122212
0.1271680532321267;0.8097589224295657;1.73836764133265;0.7567399097059238;0.06162498469037698;212122221
0.1304620103258515;0.14075182365047934;1.6338233833328482;0.7714691321821031;0.07079921994019323;212122222
0.12447289325229778;0.6045596121374431;1.6340304240569115;0.7126301815838979;0.06673057482436322;212211111
0.14859101443581954;0.2992107975427014;1.6034227202408655;0.7406304490005848;0.06613739791671822;212211112
0.13187444878747018;0.6414371117118968;1.6429805304378302;0.777685830144389;0.06251205351108893;212211121
0.13032112965747814;0.24855260475118815;1.7531050161795543;0.7732792342903043;0.0745264942123883;212211122
0.12311454270124227;0.336094621757216;1.5286114151922927;0.7957753108906791;0.06507192956037217;212211211
0.15437776724206492;0.29791049873026193;1.5169516564108205;0.7846692732187729;0.06257758348906903;212211212
0.13867570534907667;0.6218563664366963;1.84441447311295;0.7756330034097998;0.07061386744704486;212211221
0.13116786092851027;0.27895809217742507;1.6453971894784938;0.7753073641570838;0.07195669869701055;212211222
0.12432654551511409;0.6186583167392212;1.6698008060598342;0.7620887910211589;0.08711500903169074;212212111
0.1563193088925765;0.5883969105446759;1.8608293266500726;0.7847496813490198;0.06744391212173961;212212112
0.13096810442053103;0.6592790985134271;1.8690219104181143;0.6925263263505754;0.06288535702428541;212212121
0.12796297825735353;0.2547966739998917;1.8081978369978091;0.7590822452938168;0.07682167632414888;212212122
0.11948294149605056;0.3606042837175943;1.5097588015551149;0.7908334399033462;0.0642234364752275;212212211
0.14826183468549592;0.26976718802341154;1.5531418688797423;0.7758835482450023;0.07414593499679412;212212212
0.13634723529898501;0.6087818107965909;1.785171320242604;0.6950139111905145;0.07262180378366928;212212221
0.1308980843663731;0.8931362618117537;1.7094604741476407;0.768966720168412;0.07895481654599812;212212222
0.12557176567516323;0.8401552387920866;1.7289482190698253;0.7663543925764011;0.08002240041595303;212221111
0.1306915278204071;0.5091489591207231;1.768154324986072;0.6882635675945756;0.06796093068066753;212221112
0.1377555272970576;0.47439383788239425;1.5801911013058318;0.7614029958208111;0.06905242033194219;212221121
0.1135930572777733;0.5759002248906506;1.6307690612822583;0.7506236779327311;0.06786700138575429;212221122
0.12868288308640502;0.4965759501664864;1.726240708656627;0.7197171109439826;0.06723320471454813;212221211
0.13225449669642372;0.4438059005439825;1.5145774859509498;0.7724264005343969;0.06518787010067643;212221212
0.12623126711793814;0.5963825049306531;1.6137634258117868;0.7739826263838724;0.06832780282671604;212221221
0.1315254725581204;0.8700929792587552;1.6087449789724864;0.768650592911698;0.0682703888968265;212221222
0.1290583565007084;0.5046190263442365;1.7517194061237549;0.7854177742679971;0.08387288167693883;212222111
0.13309692489733035;0.4451364204248151;1.7494073218286919;0.7902376455868726;0.07802076584570647;212222112
0.13807773643482102;0.5108936213264034;1.5680771811489163;0.7602330932014884;0.07814592247469236;212222121
0.12321116945894799;0.968652507060722;1.654280451201615;0.746204759028894;0.07784353448298735;212222122
0.13439604055595197;0.46588590516701456;1.6057511747690947;0.7850201957379094;0.06626071178298336;212222211
0.12917139270265518;0.5147515454262238;1.5770526300915688;0.7613223680472576;0.07565072646825702;212222212
0.1280609354718598;0.5800450289876773;1.6066667661229745;0.7328908977996791;0.07063206208745104;212222221
0.1575359341803396;0.7495145321890809;1.5866398088367704;0.7499406485930105;0.06919141079236271;212222222
0.14647230547281836;0.7658719464847041;1.5189147464806891;0.6776621453050784;0.0712969540156911;221111111
0.1337447697292648;0.10812753471890166;1.5138958731441825;0.7323614565212155;0.0759605412811107;221111112
0.12902036433886926;0.7225650377829722;1.6747545223555453;0.6460113913695069;0.06428421121876557;221111121
0.13112134453042606;0.8073539543028901;1.6113423094615644;0.7704949483995014;0.07269971599244943;221111122
0.14680116040149943;0.1298889502682055;1.5192668359908388;0.7680139227672025;0.0695897545183542;221111211
0.12927144266030724;0.6210353708599281;1.5749714167334894;0.7631580248626384;0.07751568829655843;221111212
0.12872960736509095;0.9437567641309964;1.732532239751081;0.768595963782985;0.07484744682474533;221111221
0.12636739219533488;0.1305147080373033;1.5803634291945725;0.7452284860335734;0.06386559551013592;221111222
0.16425772607418235;0.7059495977111332;1.487092913867669;0.767742019305484;0.08170281962336512;221112111
0.132894866613764;0.1400219955692941;1.6940242455377894;0.7423371525314466;0.07238072922708068;221112112
0.1258020765758671;0.6434953661387058;1.5212965664417784;0.7733556208026717;0.0735170936330888;221112121
0.13358861098476943;0.6933426933669455;1.6343284803423737;0.7767820199141627;0.06954293210085623;221112122
0.16447680045365348;0.7370935077510304;1.449506239144401;0.7772743413401606;0.07448598178923733;221112211
0.13417645801200243;0.10979780028113154;1.5711634683297375;0.7661144382194218;0.08467915045963596;221112212
0.12360450558326892;0.7548573649208475;1.686420335913159;0.5770337723395746;0.06689672395189826;221112221
0.11410548558396609;0.6034261087693976;1.6653562119037482;0.7134102337260265;0.06595977173400852;221112222
0.12509474406301585;0.14338082151824544;1.6608841033171573;0.747212732306089;0.07495690179648566;221121111
0.12177639416089804;0.6488233354872285;1.5670599432540477;0.6656414219601319;0.07173338137120859;221121112
0.13619683085553327;0.5641413745364732;1.7903633074645504;0.7730329547606122;0.07436122805528653;221121121
0.1461893776530406;0.10461542832834575;1.5144951658271322;0.7716198846323634;0.08048111565625407;221121122
0.13006172536951308;0.11826173685656581;1.6335329015037474;0.7409100958605994;0.07802651346326529;221121211
0.1360044514695666;0.11801045257074938;1.577117966103173;0.7355869663577924;0.06452912772826942;221121212
0.12598157088063286;0.593849900693315;1.6619947525075474;0.7245195017608921;0.06407126800548466;221121221
0.13937185576271718;0.9133331307115068;1.5538306127372365;0.7489868898905293;0.07826854113695352;221121222
0.13147419118642123;0.11538755091876711;1.6305126818905973;0.7641256291001675;0.07214229766061538;221122111
0.13335606921341914;0.6364946395474014;1.6975248663014095;0.751056120913603;0.0654705972073756;221122112
0.13378718948578994;0.5713899666358168;1.494392528521696;0.778912560784857;0.07395425145959605;221122121
0.1466276207237959;0.10431211565209557;1.5126936874830779;0.7751666291888715;0.06859434402825561;221122122
0.14279927119225425;0.11128197724462184;1.5884898976283117;0.7550183976088372;0.07742464764637287;221122211
0.1301542616518566;0.546606115187502;1.5770024576396977;0.6921403244532698;0.07117579497847717;221122212
0.1309649023833126;0.6509714782218984;1.5461295410747768;0.7477905305125065;0.06484782895805301;221122221
0.13155547325782502;0.8387910029509484;1.5340792778700247;0.7390761254488563;0.07317111906053286;221122222
0.15762970168127283;0.5508307883495216;1.5607342001482039;0.7920946118290367;0.07201021953452287;221211111
0.14383420601534472;0.4868426125068373;1.6078269234424307;0.7651658646358948;0.07520014127790246;221211112
0.13876072715943985;0.12418855152447851;1.619552190185231;0.7812609010669895;0.07088102858240886;221211121
0.1350149562824013;0.6349751475694201;1.8724285809674321;0.7324065521480474;0.07682060233559772;221211122
0.13805904235893665;0.09805654109383288;1.7697286961069123;0.6120971096102243;0.07494524448578488;221211211
0.13640969298942002;0.6808311806221687;1.6944158732324657;0.7718902877847464;0.07831316137286923;221211212
0.1414476087021109;0.13185030932988684;1.698407082234033;0.7597384205300732;0.07919479138914716;221211221
0.1404103699407435;0.7055147749051087;1.7459249118839721;0.738243379094333;0.07425864713812512;221211222
0.1569832544043473;0.12563054215355485;1.6024941478093888;0.757403546521822;0.07389308579778456;221212111
0.1391330634831634;0.6239447339015514;1.6727719653376938;0.7484363110960941;0.07489595621584769;221212112
0.1361881698837332;0.6462993549294389;1.5462174059721645;0.7825774152206472;0.08267302953149727;221212121
0.14069650627178718;0.7195699612941534;1.8338075254734416;0.7727099257617466;0.06433360289878448;221212122
0.15151891181292282;0.6322370674955676;1.5303081382086425;0.7898740372471017;0.07355719008634366;221212211
0.14270125180549637;0.12495494311062358;1.6237211117657337;0.7313389506180745;0.07214466886979491;221212212
0.1401417632445396;0.624779902328508;1.6301709949688097;0.7752766665065465;0.06330787697381922;221212221
0.1376985606016207;0.15819241239990633;1.7043284884815426;0.7241188430945045;0.07853342358452371;221212222
0.08760886750335238;0.35956973574806944;1.8552069330621188;0.7627091014987006;0.06742670326533061;221221111
0.13864790896726406;0.27974128528057607;1.5946819941588837;0.7941858663447867;0.08017318830852445;221221112
0.1066233298355701;0.632721726569934;1.649935141138886;0.7642530799212524;0.0686028404886652;221221121
0.1202601649491928;0.8629339287830329;1.5599360941474876;0.7975980705119753;0.06398104649545266;221221122
0.08806304434479521;0.6175474099189686;1.6178722629187048;0.7786539281346222;0.06955645858636908;221221211
0.1341200231815505;0.30924250497434935;1.569423971824341;0.8049045950419639;0.06789383011312859;221221212
0.11763744204371633;0.45909432761669794;1.5943389799172933;0.753891410491417;0.07702045518948158;221221221
0.126979358667097;0.8976691973332245;1.934890855076086;0.6270526117203903;0.06908210999000644;221221222
0.08320402559267916;0.10681072155019174;1.649316715786025;0.7572179450939318;0.0767068476198428;221222111
0.13917755508347612;0.6131955802298277;1.6450009588365972;0.7716157099818594;0.07387641480336554;221222112
0.10566149597729421;0.5477672398817504;1.6101991988878614;0.7924383379486102;0.07524336975783807;221222121
0.1230860506981159;0.8599124947212347;1.8733901875771863;0.7846311916532894;0.07521042016281766;221222122
0.09339933173885603;0.12727620176340051;1.828671669000863;0.7399148369728199;0.06966731332556349;221222211
0.1283463101380889;0.32750127660249506;1.6409091234775732;0.7155645075647248;0.07592889467777439;221222212
0.11151521354195575;0.11641809986546557;1.583160389776881;0.76961487934603;0.08398324787933803;221222221
0.1407574716416579;0.930711153674685;1.6031849385825854;0.7727047571365822;0.07431090474171086;221222222
0.15133947166726155;0.7374942172957469;1.5446212408759634;0.7466384527007741;0.07488256881123231;222111111
0.1418366982976689;0.11112744301551472;1.6267344556097367;0.7481014165191232;0.06766302658204174;222111112
0.13348828571603996;0.5933740216144013;1.4968946593207149;0.7569220105905832;0.06972540533796723;222111121
0.14300454663008189;0.10180233971851607;1.610778380979512;0.6653359024251886;0.07285090762877638;222111122
0.14409282909911617;0.7410437583263705;1.489076972403211;0.7736271885157733;0.07185433438737401;222111211
0.13490920228564496;0.9128057570499002;1.569263614573391;0.7525362634140425;0.07704054357182433;222111212
0.12653046098652304;0.5778455876421172;1.6505721846224313;0.7290382717780379;0.06984597086923562;222111221
0.13056155480344586;0.5923166509975569;1.6043082815613825;0.7736616271075383;0.07260303538055331;222111222
0.15050119051634897;0.550049662803342;1.4462761857576223;0.7728345249367613;0.06562094758828134;222112111
0.1406898008121562;0.4892792617542867;1.6734616893299008;0.7651116260855236;0.07947991093549119;222112112
0.11772596906416533;0.6950437431302382;1.5741910334393785;0.7692804681672939;0.07484651410923727;222112121
0.13542311140545735;0.703068757032248;1.5722598382427069;0.7721492443289732;0.08013339728566352;222112122
0.1568817594868176;0.106086919036791;1.4637626944251827;0.7727025554336088;0.0691316763022238;222112211
0.11521190732217312;0.6591837491030436;1.5724404709431;0.7690727083926087;0.0737589348216567;222112212
0.12956436147866474;0.6797049678719222;1.4944065814020266;0.7727005539038785;0.08276329222903053;222112221
0.13876789946310664;0.7952443531199399;1.6221304828931618;0.7805134618752813;0.07420140986748631;222112222
0.13757148330404226;0.6597185060897572;1.5862070363539902;0.774406879881904;0.06385743994647601;222121111
0.12957261772174808;0.6076129372390574;1.6022716862137374;0.7628957397346664;0.06704053903859485;222121112
0.13594519316990042;0.11669281552712622;1.642500955409669;0.7666369412082463;0.08671628140983627;222121121
0.13935829614965653;0.12924451990638966;1.5249192639399904;0.7087469572337912;0.07092705312574508;222121122
0.1345144519182293;0.11282884103694844;1.5427590320086932;0.7608866328002359;0.07187599783255198;222121211
0.13049313167004004;0.8593708279287877;1.5473284256514135;0.7548535940465814;0.06876617198360481;222121212
0.13587340944090961;0.14009425151466787;1.6069073865961636;0.7723414781318851;0.07574004168709099;222121221
0.15012476124951948;0.12596267380462847;1.8439718924070394;0.7310652436363145;0.07050549885175042;222121222
0.12841201009755665;0.718926729907788;1.5803889462430316;0.7516193553907891;0.08165112849972009;222122111
0.12996724510181615;0.5511719155712904;1.586619569327996;0.7498370356985232;0.07369700346455597;222122112
0.13269144999298302;0.9478991671356894;1.7419431586293936;0.7677900893886472;0.06540266100673818;222122121
0.12850258678177415;0.8342567223866953;1.5481972742973655;0.7753812647156673;0.07412039505847269;222122122
0.14275548897153711;0.6473343038137699;1.5805552952947335;0.7364310348310712;0.07748646859770876;222122211
0.1216009040321434;0.566801775044264;1.5429370686317163;0.7411657246923806;0.0782585811310954;222122212
0.1258510659298411;0.651908137575937;1.5450179913095128;0.7481303849789025;0.07520308864993776;222122221
0.1306047464234917;0.7565062713601798;1.5682737960214448;0.7177054534665411;0.066974785853137;222122222
0.1417211332609151;0.8518241938980957;1.6314125685999221;0.7772804343312394;0.08596388352548642;222211111
0.13023342469731242;0.2736029261287029;1.6124480941389232;0.7629129573489823;0.07215167673602547;222211112
0.1342440993963761;0.7269666660753256;1.5908360077945773;0.6672860636670663;0.08528974177197757;222211121
0.1270917477578005;0.9440052465215014;1.9001944561195148;0.7747387675096158;0.07281400876721328;222211122
0.12702384651101956;0.8780939028658434;1.6141779329290635;0.7452184390111296;0.06423466543646549;222211211
0.12584298816300254;0.3100492356471169;1.6767895612482366;0.7456680043346042;0.07250428860761163;222211212
0.13312208168277578;0.9750375031668659;1.8225868760228385;0.7837488215390598;0.06909304580099555;222211221
0.12853646539994004;0.8976388657991149;1.7765519131580132;0.7740598576117252;0.0666243839835728;222211222
0.12277946067601517;0.7261738259342034;1.605737886419114;0.6943407462626978;0.08073936792826825;222212111
0.12887102164013445;0.25247790213566;1.797191681696706;0.7726352673193446;0.07268172648496285;222212112
0.13874424552674808;0.7381545085716461;1.7928938534282168;0.7281413346857426;0.06998114456804506;222212121
0.1304279753709091;0.6019153008708824;1.6839502454765567;0.7806431193987536;0.06816844050899695;222212122
0.13846606643794926;0.14097857079535958;1.5430576822541682;0.7876251840857276;0.07025110443794094;222212211
0.13033404683662703;0.9420729775741037;1.755166749227193;0.7460500863169225;0.07435638702141038;222212212
0.13097785964571326;0.937498449821184;1.755938988405866;0.7530079412729695;0.07671253940346796;222212221
0.13028538286502434;0.874055883820511;1.6152665061206721;0.747565009734596;0.06994584654187498;222212222
0.11006678790063075;0.10172480884293708;1.688903140309467;0.7985371000451942;0.07788699656663393;222221111
0.12070419054385885;0.3271347702591195;1.8801024125692356;0.8046111501699772;0.06543965144213217;222221112
0.124344538689172;0.7339976913329584;1.63940428693543;0.7822954548036187;0.07152146026410888;222221121
0.09933055693787712;0.7377386851291313;1.616203133883532;0.8019670681917996;0.07402348767394368;222221122
0.1131705748299158;0.11526164735621099;1.7666403143089893;0.7098440151174924;0.07845787813363167;222221211
0.11971665518441484;0.27815265625186836;1.7883680911896291;0.7724056756462709;0.06612831006298486;222221212
0.12198173554116382;0.0809698219813254;1.7712333274193708;0.7816621410078695;0.06946834680378569;222221221
0.1133560358223131;0.7249234446465443;1.951114849053624;0.780681125520032;0.06767154880041029;222221222
0.10327506039830292;0.25693506126735566;1.7487197107988925;0.7289637060593708;0.07904688451413988;222222111
0.12314162248038503;0.13293143349985323;1.8478120386989834;0.791056603921537;0.0802785507650597;222222112
0.1253724955128046;0.09093251604582049;1.7416871729694796;0.672041283121048;0.07538837685985582;222222121
0.12020737818267933;0.09594508310039648;1.8717579463792045;0.8025973107010114;0.06842645920501018;222222122
0.11561196037073149;0.11145347783144761;1.834314215668383;0.7452229874640359;0.08138869608953285;222222211
0.1271569972186298;0.16923901748111975;2.0393016283145537;0.7844750761348018;0.08297388022014499;222222212
0.13054942162666522;0.07690878175694939;1.7515806181838074;0.7834848344582593;0.07606900679372819;222222221
